,Topic,News Headline,News Date,News Summary,Full News Article,URL
0,technologySector,UPDATE 1-Alfa unit Axtel to start trading on May 29 after spinoff,MAY 19 2023,"Mexican conglomerate Alfa's telecommunications subsidiary Axtel is set to start trading in the country's stock exchange separately on May 29 after the completion of its spinoff process, according a filing published on Friday.",,https://www.reuters.com/article/mexico-alfa-axtel/update-1-alfa-unit-axtel-to-start-trading-on-may-29-after-spinoff-idUSL1N37G184
1,technologySector,Sean Penn: Studios' AI stance in Hollywood writers strike a 'human obscenity',MAY 19 2023,"Actor Sean Penn said on Friday he supported striking Hollywood writers and called studios' rejection of their demand to restrict the use of artificial intelligence in writing scripts a ""human obscenity"".","""There are a lot of new concepts that are being tossed about, you know, including the use of AI,"" Penn said at a press conference at the Cannes Film Festival.""And this just strikes me as a kind of human obscenity, for there to be any pushback on that from the producers.""The dispute over AI is one of several issues that led Hollywood's film and TV writers to go on strike earlier this month in their first work stoppage in 15 years.The Writers Guild of America is seeking to restrict the use of AI in writing scripts.Hollywood studios, battling to make streaming services profitable and dealing with shrinking ad revenues, have rejected that idea, saying they would be open to discussing new technologies once a year, according to the guild.""It's difficult ... for so many people, so many writers and so many people in the industry, to not be able to work during this time,"" added Penn. ""And I guess it's gonna soul-search itself and see which side toughs it out.""Penn is in the Cannes competition film ""Black Flies"" - a gritty New York City drama about paramedics that also stars Tye Sheridan of ""Ready Player One"" - that premiered on Thursday evening.Penn, who is known for his political and social activism, also co-directed ""Superpower,"" a feature-length profile of Ukrainian President Volodymyr Zelenskiy that was filmed before and after Russia invaded the country in February 2022.That premiered at the Berlin Film Festival in February this year.Our Standards: The Thomson Reuters Trust Principles.",https://www.reuters.com/article/filmfestival-cannes-blackflies/sean-penn-studios-ai-stance-in-hollywood-writers-strike-a-human-obscenity-idUSL8N37G1Y1
2,technologySector,Alfa unit Axtel to start trading on May 29 amid spinoff,MAY 19 2023,"Mexican conglomerate Alfa's telecommunications subsidiary Axtel is set to start trading in the country's stock exchange separately on May 29 after the completion of its spinoff process, according a filing published on Friday.",,https://www.reuters.com/article/mexico-alfa-axtel/alfa-unit-axtel-to-start-trading-on-may-29-amid-spinoff-idUSS0N36V079
3,technologySector,Italy drafts $1.7 billion aid package for battered telecoms sector,MAY 19 2023,"Italy's industry ministry is studying a set of measures worth around 1.5 billion euros ($1.65 billion) to support battered domestic telecoms firms, a draft decree seen by Reuters showed.","Italy's telecoms sector has been grappling with cut-throat price competition which has put margins under pressure in recent years, dampening its ability to fund investments needed to upgrade their infrastructure.Under the draft, details of which were not previously fully disclosed, the ministry proposes to cut levies weighing on energy bills paid by firms deemed by the state to be of strategic importance, including telcos, for three years until 2025.Rome is also looking to extend to strategic firms an existing tax break designed to help energy-intensive companies.The government opted for this approach because measures focused exclusively on the telecoms sector would have risked breaching European Union rules limiting state aid.The two measures have a combined cost of 1.2 billion euros between 2023 and 2025 and require a green light from the European Commission to become effective, the draft showed.A further 200 million euros would go to support operators switching their lines from copper to full-fibre, a measure that would mainly benefit former phone monopoly Telecom Italia (TIM)(TLIT.MI).Some 145 million euros are expected to fund plans to allow early retirement of older workers in the industry with the aim of hiring younger ones.The industry ministry was not immediately available for comment.The decree needs to be approved by the cabinet meeting to enter into force and it is therefore still subject to changes.As part of the package, the draft also envisages raising limits on electromagnetic emissions which mobile telecoms operators complain are too low in Italy compared with other European countries, adding further costs in the rollout of 5G networks.Under the proposal, the electromagnetic limit could be raised to 30 volts per metre in the busiest areas, compared with the current 6 volt limit. ($1 = 0.9084 euros)Our Standards: The Thomson Reuters Trust Principles.",https://www.reuters.com/article/italy-telecommunication-aid-package/italy-drafts-1-7-billion-aid-package-for-battered-telecoms-sector-idUSL8N37G1T9
4,technologySector,UPDATE 1-UK PM Sunak's wealth declines but still ranked 275th in country's rich list,MAY 19 2023,"The wealth of British Prime Minister Rishi Sunak and his wife Akshata Murty has fallen over the last year, putting them in 275th place in the Sunday Times Rich List, after the value of their stake in Indian I.T. giant Infosys dropped.","The pair were ranked in 222nd position last year. Shares in Infosys (INFY.NS), which was founded by Murty's father, have fallen by about 20% in the last 12 months.Sunak is the richest ever occupant of 10 Downing Street, and his fortune has opened him up to regular attacks from opposition politicians who say he is out of touch with ordinary people at a time of a cost-of-living crisis making many Britons poorer.He has said people should not hold his wealth against him.""I think in our country, we judge people not by their bank account, we judge them by their character and their actions. And yes, I'm really fortunate to be in the situation I'm in now, but I wasn't born like this,"" Sunak said last year.Inflation stands at over 10% and wages are not rising as fast, squeezing household incomes and causing a cost of living crisis which dominates headlines. Sunak has pledged to halve inflation and grow the economy to address the issue.As prime minister, he is entitled to an annual salary of about 165,000 pounds ($208,246). According to Rich List estimates, his wealth was put at around 730 million pounds last year, before it dropped to 529 million in 2023.Last year, Sunak's Indian-born wife faced public criticism and anger after it was revealed she had ""non-domiciled"" tax status, meaning she did not pay tax in Britain on her earnings abroad. She subsequently relinquished such status and said she would pay British tax on her global income.($1 = 0.7923 pounds)Our Standards: The Thomson Reuters Trust Principles.",https://www.reuters.com/article/britain-politics-sunak-wealth/update-1-uk-pm-sunaks-wealth-declines-but-still-ranked-275th-in-countrys-rich-list-idUSL8N37G2MK
5,technologySector,Cloud-based Restaurant365 hits unicorn status after $135 mln funding round,MAY 19 2023,"U.S. cloud-based restaurant manager Restaurant365 has turned a 'unicorn' after a $135 million funding round, the company said on Friday.","The new round of funding was co-led by global investment firms KKR & Co Inc (KKR.N) and L Catterton along with current investors, including ICONIQ Growth and Besemer Venture Parteners, the California-based company said.Start-up funding space, which is reeling from liquidity crunch since last year, has started to see some signs of relief. Earlier in the week, Reuters reported that U.S. property insurer SageSure achieved an unicorn status after closing a $250-million funding round.""L Catterton has deep experience investing in world-class restaurant brands globally,"" says Ian Friedman, Partner at L Catterton who will join Restaurant365's board.Restaurant365's peer CAVA Group Inc has also filed for U.S. IPO without disclosing the size of the listing.""The primary driver of this round is uniting with two strategic investors so intimately tied to the restaurant industry,"" the company said.Our Standards: The Thomson Reuters Trust Principles.",https://www.reuters.com/article/restaurant365-funding/cloud-based-restaurant365-hits-unicorn-status-after-135-mln-funding-round-idUSL4N37G2NA
6,technologySector,UPDATE 3-India lifts ban on Krafton's mobile game BGMI,MAY 19 2023,"India has approved popular mobile game Battlegrounds Mobile India (BGMI) to be relaunched for a trial period after a 10-month ban, South Korean game developer Krafton said on Friday.","South Korea's foreign affairs and culture ministries held meetings with their Indian counterparts to help lift the ban, a Krafton Inc (259960.KS) representative said.The Indian government blocked BGMI, the flagship game made by Krafton last July, citing concerns about its data-sharing and mining in China.Krafton is backed by China's Tencent (0700.HK) which owns around a 13.5% stake.The three-month trial approval of the game was agreed after it complied with issues of server locations and data security, Indian deputy minister for Information Technology, Rajeev Chandrasekhar, said in a tweet.Daishin Securities analyst Jeeeun Lee said the spillover from political spats with China to Krafton will be limited.""It will be tough for India to impose an outright ban on companies affiliated with China over political issues when they operate through a local corporation that hire Indian workers like Krafton for instance,"" she said.Shares of Krafton rose 1.45% compared to the wider KOSPI index's 0.89% rise when the market closed on Friday.At the time of its removal from Alphabet Inc's (GOOGL.O) Google Play Store and Apple Inc's (AAPL.O) App Store, BGMI had more than 100 million users in India.A Facebook page for the title says the game will be available for download soon.The government will keep a close watch on other issues of user harm and addiction in the trial period before making a final decision, Chandrasekhar added.New Delhi banned another Krafton title, PlayerUnknown's Battlegrounds (PUBG), in 2020, following which the company launched BGMI.The ban on PUBG was part of a larger ban on more than 300 Chinese apps, including short-video platform TikTok, after the government ramped up its scrutiny of Chinese businesses in the wake of a 2020 clash between the neighbours.The government also intensified the scrutiny of investments by Chinese firms in Indian companies.Our Standards: The Thomson Reuters Trust Principles.",https://www.reuters.com/article/india-krafton-bgmi/update-3-india-lifts-ban-on-kraftons-mobile-game-bgmi-idUSL4N37G153
7,technologySector,Samsung not planning to replace Google with Bing in phones - WSJ,MAY 19 2023,"Samsung Electronics will not change the default search engine on its smartphones from Google to Microsoft Corp's Bing any time soon, the Wall Street Journal reported on Friday, citing people familiar with the matter.","Samsung has suspended an internal review that explored replacing Google with Bing on its web-browsing app, which comes pre-installed on the company's smartphones, according to the report.Google and Samsung did not respond to Reuters requests for comment. Microsoft declined to comment.A sizable part of the revenue earned by search-engine companies comes from their long-term partnerships with phone makers such as Apple Inc (AAPL.O) and Xiaomi.Google earns an estimated $3 billion in annual revenue from the Samsung contract, according to an April 16 report by the New York Times.Samsung considering a potential shift to Bing was first reported last month and had weighed on Alphabet's shares at the time.The integration of OpenAI's artificial intelligence technology into Microsoft-owned Bing has driven people to the little-used search engine and helped it compete better with market leader Google in page visits growth, according to data from analytics firm Similarweb.Our Standards: The Thomson Reuters Trust Principles.",https://www.reuters.com/article/alphabet-search-samsung-elec/samsung-not-planning-to-replace-google-with-bing-in-phones-wsj-idUSL4N37G2F0
8,technologySector,London court throws out lawsuit against Google over medical records,MAY 19 2023,Google on Friday defeated a lawsuit brought on behalf of 1.6 million people over medical records provided to the U.S. tech giant by a British hospital trust.,"The Royal Free London NHS Trust transferred patient data to Google's artificial intelligence firm DeepMind Technologies in 2015 in relation to the development of a mobile app designed to analyse medical records and detect acute kidney injuries.Britain's data protection watchdog, the Information Commissioner's Office, said in 2017 that the Royal Free, which is part of the public National Health Service (NHS), misused patient data when it provided the information to DeepMind.Alphabet Inc (GOOGL.O) unit Google and DeepMind were sued last year by Royal Free patient Andrew Prismall on behalf of 1.6 million people for alleged misuse of private information.The companies argued in March that the case is ""bound to fail"" as there was no prospect of establishing that all 1.6 million claimants' private information was misused, or that they had any expectation of privacy in relation to the information.Judge Heather Williams ruled on Friday that the case should not proceed, agreeing the case is ""bound to fail"".""I conclude that each member of the claimant class does not have a realistic prospect of establishing a reasonable expectation of privacy in respect of their relevant medical records,"" she said in a written ruling.Our Standards: The Thomson Reuters Trust Principles.",https://www.reuters.com/article/britain-court-google-deepmind/london-court-throws-out-lawsuit-against-google-over-medical-records-idUSL1N37G0JX
9,technologySector,UK PM Sunak's wealth plunges but still ranked 275th in country's rich list,MAY 19 2023,"The wealth of British Prime Minister Rishi Sunak and his wife Akshata Murty has plunged over the last twelve months, but at 529 million pounds ($668 million) he is still immune from the cost of living crisis which dominates the UK's political agenda.","The pair were ranked in 222nd position last year. Shares in Infosys (INFY.NS), which was founded by Murty's father, have fallen by about 20% in the last 12 months.Sunak is the richest ever occupant of 10 Downing Street, and his fortune has opened him up to regular attacks from opposition politicians who say he is out of touch with ordinary people at a time of a cost-of-living crisis making many Britons poorer.He has said people should not hold his wealth against him.""I think in our country, we judge people not by their bank account, we judge them by their character and their actions. And yes, I'm really fortunate to be in the situation I'm in now, but I wasn't born like this,"" Sunak said last year.Inflation stands at over 10% and wages are not rising as fast, squeezing household incomes and causing a cost of living crisis which dominates headlines. Sunak has pledged to halve inflation and grow the economy to address the issue.As prime minister, he is entitled to an annual salary of about 165,000 pounds ($208,246). According to Rich List estimates, his wealth was put at around 730 million pounds last year, before it dropped to 529 million in 2023.Last year, Sunak's Indian-born wife faced public criticism and anger after it was revealed she had ""non-domiciled"" tax status, meaning she did not pay tax in Britain on her earnings abroad. She subsequently relinquished such status and said she would pay British tax on her global income.($1 = 0.7923 pounds)Our Standards: The Thomson Reuters Trust Principles.",https://www.reuters.com/article/britain-politics-sunak-wealth/uk-pm-sunaks-wealth-plunges-but-still-ranked-275th-in-countrys-rich-list-idUSL8N37G20T
