,Topic,News Headline,News Date,News Summary,Full News Article,URL
0,technologySector,Cloud content storage platform Box adds AI features,MAY 02 2023,"Business software company Box, Inc said on Tuesday it will introduce new artificial intelligence features such as analyzing information across customer contracts or generating customized marketing content.","Generative AI, which the tech industry has embraced, has the ability to synthesize large amounts of data and write human-like text.Box customers testing the product have already experienced “revolutionary” productivity gains, Box CEO Aaron Levie told Reuters. He cited a Box customer whose employees were reviewing tens and thousands of files manually. The new AI features were able to do it automatically “within a matter of seconds.”Box partnered with OpenAI, the AI startup backed by Microsoft Corp (MSFT.O) behind the chatbot sensation ChatGPT, to build the AI enhancements.Box has implemented OpenAI’s technology in a way that restricts OpenAI's responses to only answering with information from within the customer’s existing documents, dramatically reducing the likelihood of an incorrect response, Levie said. Incorrect responses, known as hallucinations, have plagued generative AI products like ChatGPT.While Box is initially building its AI offering with OpenAI’s technology, the goal is to allow customers to select among different AI providers, he said.Box said the new AI features include the ability to summarize financial documents, surface insights from customer surveys and tailor onboarding documents to a specific customer's needs.Our Standards: The Thomson Reuters Trust Principles.",https://www.reuters.com/article/tech-ai-box/cloud-content-storage-platform-box-adds-ai-features-idUSL6N36Y08N
1,technologySector,ECB's Enria doesn't see case for raising deposit insurance,MAY 02 2023,"The European Central Bank's top supervisor Andrea Enria said on Tuesday he did not see ""compelling evidence"" for extending an insurance on bank deposits beyond its current threshold of 100,000 euros per customer.",,https://www.reuters.com/article/ecb-banks-deposits/ecbs-enria-doesnt-see-case-for-raising-deposit-insurance-idUSS8N31S0AH
2,technologySector,GRAPHIC-Global companies by market cap: Tesla fell most in April,MAY 02 2023,"Tesla Inc was the biggest loser among top companies by market capitalisation in April, hit by disappointing quarterly earnings after it posted the lowest quarterly gross margin in two years.","Tesla's market cap dropped to $520.7 billion at the end of April from $657.5 billion in March, a 20.8% decline, pushing it to 9th in the rankings from 7th in January.It was followed by China's Tencent Holdings <0700.HK,>, whose market cap fell 10.7% to $419.9 billion last month, amid heavy selling by technology investment firm Prosus (PRX.AS).On the other hand, Apple Inc (AAPL.O) and Microsoft Corp (MSFT.O) saw their market values jump after robust first-quarter earnings.Saudi Aramco (2223.SE), the world's third-most valuable company, saw its market capitalisation jump to $2.2 trillion in April, a 12.5% increase over March.Our Standards: The Thomson Reuters Trust Principles.",https://www.reuters.com/article/global-companies-marketcap/graphic-global-companies-by-market-cap-tesla-fell-most-in-april-idUSL4N36Z294
3,technologySector,UAE's Mubadala to invest $500 million in U.S. broadband company Brightspeed,MAY 02 2023,United Arab Emirates's sovereign wealth fund Mubadala Investment Company will invest $500 million in U.S. based broadband service provider Brightspeed. (Reporting by Jaiveer Singh Shekhawat in Bengaluru),"Following the investment, Mubadala will become a minority shareholder alongside investment funds managed by affiliates of Apollo Global Management, Inc (APO.N), the statement said.Apollo formed Brightspeed after it acquired the broadband and telecom assets of Lumen Technologies Inc (LUMN.N). The deal has been clouded by a failed attempt by banks last year to sell $3.9 billion of debt that financed the acquisition.""Mubadala sees huge opportunity in supporting Brightspeed's growth strategy in transitioning large swathes of the U.S. to fiber connectivity,"" Mubadala's chief executive officer Khaled Abdulla Al Qubaisi said in a statement.Our Standards: The Thomson Reuters Trust Principles.",https://www.reuters.com/article/mubadala-investment-brightspeed/uaes-mubadala-to-invest-500-million-in-u-s-broadband-company-brightspeed-idUSL4N36Z2K3
4,technologySector,"WRAPUP 4-Japan, S.Korea revive stalled economic talks as global risks rise",MAY 02 2023,Japan and South Korea held their first finance leaders' meeting in seven years on Tuesday and agreed to resume regular dialogue as tensions in the wider region and slowing growth prod them to increase co-operation and mend strained relations.,"The resumption of bilateral financial discussions comes ahead of Japanese Prime Minister Fumio Kishida's planned visit to South Korea on Sunday and Monday for talks with President Yoon Suk Yeol.It also came as Asian policymakers, gathering for the annual Asian Development Bank (ADB) meeting this week in the South Korean city of Incheon, discussed regional economic challenges and ways to beef up buffers against various shocks.In a joint statement issued after their meeting on Tuesday, Asian finance leaders warned of risks to the region's economy and called for countries to stay vigilant to potential spillovers from the recent U.S. and European banking sector turmoil.""Japan and South Korea are important neighbours that must cooperate to address various challenges surrounding the global economy, as well as the regional and international community,"" Japanese Finance Minister Shunichi Suzuki said at the meeting with his South Korean counterpart Choo Kyung-ho.""As for geo-political challenges, we're experiencing incidents like North Korea's nuclear missile development and Russia's invasion of Ukraine. Japan sees these as unacceptable, and something the two countries must address together,"" he said.Choo said the two countries can strengthen private and government partnerships in high-tech industries such as semiconductors and batteries.Japan and South Korea will resume regular finance dialogue, likely to be held annually, at ""an appropriate timing,"" Suzuki told reporters after the bilateral meeting.Choo is expected to visit Japan this year for another meeting with Suzuki, South Korea's finance ministry said.Relations between the two North Asian U.S. allies have been strained in the past over disputes dating to Japan's 1910-1945 occupation of Korea.Washington has pressed both countries to resolve these disputes to better counter rising threats from China and North Korea and other regional challenges.Asia's economy has been a bright spot in the world with the International Monetary Fund (IMF) upgrading this year's growth forecast for the region thanks to China's post-COVID rebound.But the recent failures of three U.S. banks have alarmed policymakers about the possibility of market turbulence as a result of aggressive U.S. interest rate rises.""The risks Asia faces are smaller than those for other regions because its financial institutions have sufficient buffers, and their exposure to problematic banks is limited,"" Bank of Japan Governor Kazuo Ueda told a news conference.""But policymakers must guard against possible spillovers from uncertainties over U.S. and European economies,"" he said.Building stronger buffers against shocks became a key topic of debate at a finance leaders' meeting of the ASEAN+3 - which comprises the 10-member Association of Southeast Asian Nations (ASEAN) and Japan, China and South Korea, on Tuesday.At the meeting, the finance leaders agreed to create a financial facility that allows members to access funds rapidly in the event of shocks such as a pandemic or a natural disaster.""The crisis may not be purely financial. It could be triggered by a pandemic, which is non-financial or a natural disaster that can create a domino effect,"" Indonesian Finance Minister Sri Mulyani Indrawati, co-chair of the meeting, told a news conference.""So these are all the shocks that are potentially affecting the stability of the economy as well as even triggering a financial crisis,"" she said in explaining the need for stronger safeguards against future risks.Our Standards: The Thomson Reuters Trust Principles.",https://www.reuters.com/article/adb-meeting/wrapup-4-japan-s-korea-revive-stalled-economic-talks-as-global-risks-rise-idUSL1N36Z0CR
5,technologySector,Uber confident on profit as ride-sharing makes strong start to 2023,MAY 02 2023,"Uber Technologies Inc forecast quarterly core earnings above estimates on Tuesday, after a surge in demand for travel and food delivery helped the U.S. ride-sharing giant report better-than-expected results for the January-March period.","Shares of the company rose 7% and helped drive small gains in those of rival Lyft Inc (LYFT.O), which reports earnings on Thursday.Uber is benefiting from its dominant position in key global markets as travel rebounds from a pandemic-induced lull. A jump in the number of people looking for extra income has also helped it offer lower incentives to gig workers, analysts have said.""Our clear lead on driver preference has allowed us to better serve this growing demand: 5.7 million drivers and couriers earned $13.7 billion (including tips) on Uber during the quarter, both all-time highs,"" CEO Dara Khosrowshahi said.After a tepid performance in the last two years, ""the rideshare category in the United States and Canada is now growing faster in 2023,"" he said.Uber expects adjusted earnings before interest, taxes, depreciation and amortization (EBITDA) of between $800 million and $850 million for the June quarter, compared with analysts' projection of $749.1 million, according to Refinitiv.The company said it was on track to post operating income profitability this year and that it was keeping its workforce flat after headcount fell sequentially in the first quarter.Uber also forecast gross bookings of between $33 billion and $34 billion, compared with the expectations of $33 billion.""Return to work/travel tailwinds are causing mobility to outperform 'normal' 1Q seasonality,"" Oppenheimer & Co analyst Jason Helfstein said, adding that increased driver density and trips were boosting the fee Uber gets on transactions.Uber's first-quarter revenue jumped 29% to $8.82 billion, beating estimates of $8.73 billion, thanks to a 72% surge in the ride-hailing segment.The food delivery unit's revenue growth was slightly above expectations at 23% and Uber said it expected ""strong growth"" in the coming quarters.Adjusted EBITDA was $761 million, Uber's highest on record, while the adjusted loss of 8 cents per share was narrower than expected.Regarding competition with Lyft, Uber's Khosrowshahi said on a post-earnings conference call that ""they're looking to price competitively with us"" but ""the days of paying for share and essentially using shareholder money to buy share temporarily, those days are over.""Lyft has been forced to become more disciplined with driver incentives, prompting Uber to do the same and helping its margins, Oppenheimer's Helfstein said.Our Standards: The Thomson Reuters Trust Principles.",https://www.reuters.com/article/uber-results/uber-confident-on-profit-as-ride-sharing-makes-strong-start-to-2023-idUSL4N36Y2D7
6,technologySector,"Thomson Reuters reports higher first-quarter sales, profit",MAY 02 2023,"Thomson Reuters Corp on Tuesday reported higher sales and operating profit in the first quarter, helped by divestitures and high customer retention rates.","The news and information company reported adjusted earnings of 82 cents per share, beating analyst forecasts for 80 cents.Total revenue rose 4% in the quarter to $1.738 billion, beating expectations, according to estimates from Refinitiv.Thomson Reuters, which owns the Westlaw legal database, Reuters news agency and the Checkpoint tax and accounting service, said organic revenue was up 7% for its ""Big 3"" segments: Legal Professionals, Corporates and Tax & Accounting Professionals.""While we acknowledge elevated macroeconomic uncertainty, our underlying business is resilient,” Chief Executive Steve Hasker said in a statement.Thomson Reuters reaffirmed most 2023 financial estimates, but trimmed its full-year total revenue growth forecast to 3% to 3.5%, from 4.5% to 5%, reflecting the sale of a majority stake in legal business management software company Elite to TPG.In an interview with Reuters, Hasker said the company does not expect layoffs this year.Shares, which reached a record high last month, fell about 1% in both New York and Toronto trading.The company ""delivered a good quarter"" but its positives are already reflected in its shares, analyst Matt Arnold of Edward Jones said in a note, adding he saw no catalyst for Tuesday's stock decline.Thomson Reuters plans to spend some $100 million a year to invest in artificial intelligence, Hasker said. It will start seeing generative AI incorporated into flagship products in the second half of this year. Generative AI is a type of artificial intelligence that generates new content or data in response to a prompt, or question, by a user.The $100 million is separate from the company’s M&A budget, which will be about $10 billion from now to 2025, Michael Eastwood, Thomson Reuters' Chief Financial Officer, said in an interview.Over the last three years, almost all of the company’s M&A budget has been allocated to artificial intelligence, and executives see that trend continuing. AI features will be incorporated in most major business divisions -- legal, tax and accounting, and in the news business.AI is already embedded in Thomson Reuters products such as Westlaw Edge and Practical Law. In 2022, the company acquired PLX AI, a real-time financial news service powered by the technology.The company said it sold 24.5 million shares of London Stock Exchange Group (LSEG) (LSEG.L) in the first quarter for gross proceeds of $2.3 billion. As of April 30, it owned 47.4 million shares of LSEG, worth $5 billion.Thomson Reuters said it had ""increasing confidence"" about its outlook but noted there were ""many signs that point to a weakening global economic environment"" from high interest rates and geopolitical risk.In April, the company said it would return $2.2 billion to shareholders through a cash distribution and a reverse stock split after selling some of its LSEG shares.Our Standards: The Thomson Reuters Trust Principles.",https://www.reuters.com/article/thomson-reuters-results/thomson-reuters-reports-higher-first-quarter-sales-profit-idUSL1N36Y0ZO
7,technologySector,Hollywood writers strike over pay in streaming TV 'gig economy',MAY 02 2023,"Thousands of film and television writers were headed to picket lines on Tuesday after union negotiators called a strike, sending Hollywood into turmoil and disrupting TV production as the industry wrestles with the shift to streaming.","Hundreds of members of the Writers Guild of America (WGA) picketed in New York and Los Angeles in the first work stoppage to hit Hollywood in 15 years.""We are asking for very fair compensation, and basically the studios laughed at us,"" writer Daniel Talbott, 45, said as guild members protested outside the Paramount (PARA.O) film studio in Hollywood, one of more than a dozen picket sites. ""We are trying to fight for our rights.""A group representing Walt Disney Co (DIS.N), Netflix Inc (NFLX.O) and other studios said it had offered ""generous"" compensation but the sides were unable reach an agreement in last-minute talks on Monday.Some actors turned out to back the 11,500 striking writers.""I support the writers because as actors we are only as good as the writing we get,"" said Rob Lowe, who was picketing with his son, writer and actor John Owen Lowe.In New York, WGA members marched and chanted ""No writers. No TV"" outside a building where Comcast Corp's (CMCSA.O) streaming service Peacock was holding a presentation for advertisers.Writers got creative with their picket signs. One read ""What would Larry David do?"" while another threatened ""Pay your writers or we'll spoil 'Succession.'""""Jimmy Kimmel Live,"" ""The Tonight Show Starring Jimmy Fallon"" and other late-night shows canceled new episodes and were set to air re-runs after being left without their teams of writers to pen timely jokes.Sketch show ""Saturday Night Live"" also shut down indefinitely.On Monday night, the WGA said its leadership unanimously supported a strike against the studios. ""The companies' behavior has created a gig economy inside a union workforce,"" the WGA said in a statement.The guild is seeking changes in pay and the formulas used to compensate writers when their work is streamed, among other proposals. The WGA estimated its changes would cost about $429 million a year, according to a negotiations summary shared on Twitter and verified by Reuters as authentic.The strike hits Hollywood studios at a difficult time. Conglomerates are under pressure from Wall Street to make their streaming services profitable after pumping billions of dollars into programming to attract subscribers.The rise of streaming has eroded television ad revenue as traditional TV audiences shrink.The last WGA strike in 2007 and 2008 lasted 100 days. It cost the California economy an estimated $2.1 billion as productions shut down and out-of-work writers, actors and producers cut back spending.California Governor Gavin Newsom said the current strike would have ""profound consequences, direct and indirect.""""We're very concerned about what's going on because both sides are dug in and the stakes are high,"" the Democratic governor said at a Milken Institute conference.The Alliance of Motion Picture and Television Producers (AMPTP), which represents studios, said it had proposed ""generous increases in compensation"" and was willing to increase its offer.But it said it objected to WGA demands that ""would require a company to staff a show with a certain number of writers for a specified period of time, whether needed or not.""In Washington, the White House encouraged ""both sides to stay at the table,"" press secretary Karine Jean-Pierre said.Writers said they were willing to walk off the job because changes from streaming have made it difficult for many to earn a living in expensive cities such as New York and Los Angeles.Half of TV series writers now work at minimum salary levels, compared with a third in the 2013-14 season, according to WGA statistics. Median pay for scribes at the higher writer/producer level has fallen 4% over the last decade.Artificial intelligence (AI) is another issue at the bargaining table.The WGA wants safeguards to prevent studios from using AI to generate new scripts from writers' previous work, or asking them to rewrite drafts created by AI.",https://www.reuters.com/article/television-writers/hollywood-writers-strike-over-pay-in-streaming-tv-gig-economy-idUSL1N36Z01F
8,technologySector,RPT-Cryptoverse: Digital coins lure inflation-weary Argentines and Turks,MAY 02 2023,"Can inherently volatile cryptocurrencies become safe-havens? Apparently they can in some parts of the world, such as Argentina and Turkey, where soaring prices and tumbling local currencies have forced people to seek refuge in digital coins.","Ownership of digital currencies in Turkey was the highest in the world at 27.1% followed by Argentina at 23.5% -- well above global crypto ownership rate estimated at 11.9% -- according to data from research firm GWI.What's common to Turkey and Argentina besides their pole positions in crypto adoption is high inflation, which has led to crumbling currencies and capital controls to deter local residents from taking money out. Turkey's annual inflation was 50.51% in March, Argentina's was even higher at 104%.The lira and peso have been plunging and are at record lows. Argentina's peso trades around 464 per dollar in the black market , more than double the official exchange rate of 222.Much of the safe-haven buying has been of stablecoins such as USD Coin (USDC) and Tether (USDT), which are crypto tokens pegged one-to-one to a traditional asset such as the U.S. dollar or gold, giving investors an alternative to scarce dollars.""Folks, whether they're on the retail side or institutional side, are thinking about how can we hedge against currency devaluation,"" said Ehab Zaghloul, chief research scientist at Tribal Credit, a digital payments platform for startups in emerging markets.""They want to potentially hold additional assets pegged to a stronger currency, so, things like USDC or USDT or anything pegged to a stronger currency like the U.S. dollar.""Trading volume for the USDT-Turkish lira pair reached a multi-month high last week, driven by the weakening of the Turkish currency and the upcoming landmark presidential and parliamentary elections, Kaiko analyst Dessislava Aubert said.""In general, crypto adoption tends to be higher in countries with capital restrictions, financial instability, and political instability,"" analysts at K33 Research wrote.While bitcoin , the world's biggest and best-known cryptocurrency, is up 72% this year at $30,000, its highest in 10 months, overall trading volumes are far from levels seen last summer after investors were spooked by a series of collapses of crypto players culminating in FTX's demise.Trading volumes for spot bitcoin are highest during U.S. opening hours, with little change from 2022, Kaiko data showed.However, regulatory issues faced by crypto exchange Binance in recent months have led to a slight shift in derivative trading volume towards Asia Pacific hours from Americas, Kaiko said.If dollar to crypto volumes are excluded, then the next most dominant currency is South Korea's won .Crypto trading volumes in South Korea are back to levels seen in first quarter and second quarters of 2022 after a weak fourth quarter in 2022, analysts at crypto investment firm Matrixport said.""The dominance of altcoins makes South Korea a very interesting market to analyse,"" Matrixport analysts said.""This is in stark contrast to other crypto exchanges where bitcoin and Ethereum account for the majority of the volume.""Our Standards: The Thomson Reuters Trust Principles.",https://www.reuters.com/article/fintech-crypto-weekly/rpt-cryptoverse-digital-coins-lure-inflation-weary-argentines-and-turks-idUSL4N36V54L
9,technologySector,"Tinder owner Match Group swipes left on Russia, pledging exit by June 30",MAY 02 2023,"Tinder owner Match Group has said it will quit Russia by June 30, citing the need to protect human rights, one of many Western firms to leave since Moscow sent troops into Ukraine last year.","""We are committed to protecting human rights,"" Match said in an annual impact report published on Monday. ""Our brands are taking steps to restrict access to their services in Russia and will complete their withdrawal from the Russian market by June 30, 2023.""Many digital services providers with few staff in Russia, such as Spotify and Netflix, pulled out shortly after Moscow began its military campaign in Ukraine in February 2022.Match, whose brands include dating applications such as Tinder, Hinge and PlentyOfFish, has made few public statements about its Russian operations, but flagged negative impacts on its European business in March 2022.Match did not immediately respond to a request for additional comment.Match shareholder Friends Fiduciary Corp said Match had set an example for others to follow in tying its decision to the human rights risks faced by the Ukrainian people.The European police agency Europol said in September that dating apps were among the online platforms being ""hijacked"" by individuals for human trafficking purposes, drawing attention to the plight of Ukrainian refugees.Jeff Perkins, executive director at Friends Fiduciary, told Reuters that a business that trades on trust had good reason to leave Russia:""It's not a good look for a trusted brand to be continuing operations in a nation where the head of state has been indicted by the International Criminal Court.""The ICC issued an arrest warrant on March 17 against Russian President Vladimir Putin, accusing him of the war crime of illegally deporting hundreds of children from Ukraine.Moscow denies committing war crimes including forced deportations of children, and says the ICC decision is meaningless as Russia is not a member.Our Standards: The Thomson Reuters Trust Principles.",https://www.reuters.com/article/ukraine-crisis-russia-match-grp/tinder-owner-match-group-swipes-left-on-russia-pledging-exit-by-june-30-idUSL8N36X0AU
