,Topic,News Headline,News Date,News Summary,Full News Article,URL
0,technologySector,South Korean shares largely flat as investors await more US rate clues,JUN 19 2023,Round-up of South Korean financial markets:,,https://www.reuters.com/article/southkorea-markets-midday/south-korean-shares-largely-flat-as-investors-await-more-us-rate-clues-idUSL1N38C024
1,technologySector,Medtech firm Surgalign files for Chapter 11 bankruptcy,JUN 19 2023,Beleagured U.S. medical technology company Surgalign Holdings filed for a voluntary Chapter 11 bankruptcy on Monday.,"Surgalign filed for the bankruptcy with estimated assets and liabilities in the range of $50 million to $100 million in the Bankruptcy Court for the Southern District of Texas.The Deerfield, Illinois-based company said in March that it had reduced its workforce by about 20% and cut non-essential spending, and realigned resources.In November last year, the company approved a corporate restructuring plan, which included discontinuing some of its lower-performing units as well as intending to continue its brand and product rationalization programs.Our Standards: The Thomson Reuters Trust Principles.",https://www.reuters.com/article/surgalign-hldg-bankruptcy/medtech-firm-surgalign-files-for-chapter-11-bankruptcy-idUSL4N38C042
2,technologySector,Blinken 'actively talking' about three Americans detained in China - CBS News,JUN 19 2023,U.S. Secretary of State Antony Blinken said on Monday the United States and China were continuing to discuss the release of three U.S. citizens who are detained in China.,"""I don't want to get into the details, but we are very actively talking about that,"" Blinken said in an interview with CBS News.The three detained Americans are David Lin, 67, a pastor imprisoned in China since 2006; Kai Li, 60, who was handed a 10-year sentence in 2018 on spying charges, and Mark Swidan, a Texas businessman convicted by a Chinese court in 2019.Washington says all three are wrongfully detained.Blinken said the United States has a commitment to continue to work on resolving all three cases. ""I not only raised, but talked some length about the individual cases of the detained Americans,"" he said in the interview, held as he finished a rare trip to Beijing.""It (their release) would, regardless of anything else be a very important and positive development and we're working intensely,"" Blinken said.Our Standards: The Thomson Reuters Trust Principles.",https://www.reuters.com/article/china-usa-blinken-detainees/blinken-actively-talking-about-three-americans-detained-in-china-cbs-news-idUSL1N38C00O
3,technologySector,UPDATE 1-Blinken urges China's vigilance on its firms providing tech to Russia,JUN 19 2023,"U.S. Secretary of State Antony Blinken said on Monday he had asked China's government to be vigilant about private companies that may be providing Russia with technology that could be used against Ukraine, although he said he had seen no evidence Beijing is providing lethal assistance to Moscow.","""What we do have ongoing concerns about, though, are Chinese firms, companies, that may be providing technology that Russia can use to advance its aggression in Ukraine and we have asked the Chinese government to be very vigilant about that,"" Blinken told reporters.Blinken spoke on a rare visit to Beijing during which China and the United States agreed to stabilize their intense rivalry so it does not veer into conflict, although the visit did not yield any major breakthrough.Blinken met on Monday, the second day of his visit, with Chinese President Xi Jinping.Western powers have provided Ukraine with billions of dollars in military assistance since Russia invaded in February 2022. China has faced accusations, which it denies, of supplying lethal weapons to Moscow. China and Russia announced a ""no-limits"" partnership shortly before Russia invaded Ukraine.""With regard to lethal aid to Russia for use in Ukraine, we and other countries have received assurances from China that it is not and will not provide lethal assistance to Russia for use in Ukraine,"" Blinken said.""We appreciate that, and we have not seen any evidence that contradicts that,"" he told reporters.Asked for comment on Blinken's remarks, the Chinese embassy in Washington said China is committed to promoting peace talks and has not provided weapons to either side in the Russia-Ukraine conflict.""We oppose the unfair prohibition or restriction on normal economic and trade activities between Chinese and foreign companies. We urge the U.S. side not to undermine China's legitimate rights and interests in any form when handling the Ukraine issue and its relations with Russia,"" spokesperson Liu Pengyu said in an emailed statement.Our Standards: The Thomson Reuters Trust Principles.",https://www.reuters.com/article/china-usa-blinken-weapons/update-1-blinken-urges-chinas-vigilance-on-its-firms-providing-tech-to-russia-idUSL1N38B1RW
4,technologySector,"WRAPUP 9-Xi, Blinken agree to stabilize US-China relations in Beijing talks",JUN 19 2023,"China and the United States agreed on Monday to stabilize their intense rivalry so it does not veer into conflict, but failed to produce any major breakthrough during a rare visit to Beijing by U.S. Secretary of State Antony Blinken.","Chinese President Xi Jinping welcomed ""progress"" after shaking hands with Blinken at the Great Hall of the People, a grand venue usually reserved for greeting heads of state.The top U.S. diplomat and Xi both stressed the importance of having a more stable relationship, as any conflict between the world's two largest economies would create global disruption.China refused to entertain Washington's bid to resume military-to-military communication channels, citing U.S. sanctions as the obstacle. The two sides appeared entrenched in their positions over everything from Taiwan to trade, including U.S. actions toward China's chip industry, human rights and Russia's war against Ukraine.U.S. President Joe Biden said later on Monday he thinks relations between the two countries are on the right path, and indicated that progress was made during Blinken's trip.""We're on the right trail here,"" Biden said of U.S.-China relations. Asked by reporters during a trip to California whether he felt progress had been made, he replied, ""I don't feel,"" he said. ""You know it's been made.""Biden said of Blinken: ""He did a hell of a job.""At one of the most significant U.S.-China exchanges since Biden took office, it was not clear how the countries would overcome their differences. The sides agreed to continue diplomatic engagement with more visits in the coming weeks and months.At a news conference concluding his two-day trip to Beijing, the first by a U.S. secretary of state since 2018, Blinken said Washington had achieved its objectives for the trip, including raising concerns directly, trying to set up channels for dialogue and exploring areas of cooperation. The trip was postponed in February after a suspected Chinese spy balloon flew through U.S. airspace.But he said progress was not straightforward.""The relationship was at a point of instability, and both sides recognized the need to work to stabilize it,"" Blinken said before leaving China.""But progress is hard. It takes time. And it’s not the product of one visit, one trip, one conversation. My hope and expectation is: we will have better communications, better engagement going forward.""U.S. officials had been playing down the prospect of a major breakthrough, but hoped Blinken's visit would pave the way for more bilateral meetings, including possible trips by Treasury Secretary Janet Yellen and Commerce Secretary Gina Raimondo.It had been hoped that it would even pave the way for a summit between Xi and Biden later in the year.Biden and Xi last met on the sidelines of the G20 summit in Indonesia in November, pledging more frequent communication, although ties have since deteriorated.""The two sides have also made progress and reached the agreement on some specific issues. This is very good,"" Xi told Blinken on Monday across a long table adorned with pink flowers.Blinken responded by saying the two countries have a responsibility to manage their relationship.His meetings in Beijing, including talks with China's top diplomat Wang Yi and foreign minister Qin Gang, had been ""candid and constructive,"" Blinken added.It was not clear from Xi's remarks what progress he was referring to, although he told Blinken that China ""hopes to see a sound and steady China-U.S. relationship"" and believes that the countries ""can overcome various difficulties,"" according to a Chinese readout of the talks.Xi also urged Washington not to ""hurt China's legitimate rights and interests,"" a signal of potential flashpoints such as Taiwan, the democratic island Beijing claims as its own.Blinken said he made clear the United States needs much greater cooperation from China on stemming the flow of fentanyl and the sides agreed to set up a working group on the matter.The lack of open communication channels between the two countries has prompted international jitters, and Beijing's reluctance to engage in regular military-to-military talks with Washington has alarmed China's neighbors.Speaking to reporters after the talks, senior foreign ministry official Yang Tao said U.S. sanctions were blocking progress on improving military-to-military communications.Chinese defense minister Li Shangfu has been sanctioned since 2018 over the purchase of combat aircraft and equipment from Russia's main arms exporter, Rosoboronexport.",https://www.reuters.com/article/china-usa-blinken/wrapup-9-xi-blinken-agree-to-stabilize-us-china-relations-in-beijing-talks-idUSL1N38B1QH
5,technologySector,"CORRECTED-WRAPUP 8-Xi, Blinken agree to stabilize US-China relations in Beijing talks",JUN 19 2023,"China and the United States agreed on Monday to stabilize their intense rivalry so it does not veer into conflict, but failed to produce any major breakthrough during a rare visit to Beijing by U.S. Secretary of State Antony Blinken.","Chinese President Xi Jinping welcomed ""progress"" after shaking hands with Blinken at the Great Hall of the People, a grand venue usually reserved for greeting heads of state.The top U.S. diplomat and Xi both stressed the importance of having a more stable relationship, as any conflict between the world's two largest economies would create global disruption.China refused to entertain Washington's bid to resume military-to-military communication channels, citing U.S. sanctions as the obstacle. The two sides appeared entrenched in their positions over everything from Taiwan to trade, including U.S. actions toward China's chip industry, human rights and Russia's war against Ukraine.U.S. President Joe Biden said later on Monday he thinks relations between the two countries are on the right path, and indicated that progress was made during Blinken's trip.""We're on the right trail here,"" Biden said of U.S.-China relations. Asked by reporters during a trip to California whether he felt progress had been made, he replied, ""I don't feel,"" he said. ""You know it's been made.""Biden said of Blinken: ""He did a hell of a job.""At one of the most significant U.S.-China exchanges since Biden took office, it was not clear how the countries would overcome their differences. The sides agreed to continue diplomatic engagement with more visits in the coming weeks and months.At a news conference concluding his two-day trip to Beijing, the first by a U.S. secretary of state since 2018, Blinken said Washington had achieved its objectives for the trip, including raising concerns directly, trying to set up channels for dialogue and exploring areas of cooperation. The trip was postponed in February after a suspected Chinese spy balloon flew through U.S. airspace.But he said progress was not straightforward.""The relationship was at a point of instability, and both sides recognized the need to work to stabilize it,"" Blinken said before leaving China.""But progress is hard. It takes time. And it’s not the product of one visit, one trip, one conversation. My hope and expectation is: we will have better communications, better engagement going forward.""U.S. officials had been playing down the prospect of a major breakthrough, but hoped Blinken's visit would pave the way for more bilateral meetings, including possible trips by Treasury Secretary Janet Yellen and Commerce Secretary Gina Raimondo.It had been hoped that it would even pave the way for a summit between Xi and Biden later in the year.Biden and Xi last met on the sidelines of the G20 summit in Indonesia in November, pledging more frequent communication, although ties have since deteriorated.""The two sides have also made progress and reached the agreement on some specific issues. This is very good,"" Xi told Blinken on Monday across a long table adorned with pink flowers.Blinken responded by saying the two countries have a responsibility to manage their relationship.His meetings in Beijing, including talks with China's top diplomat Wang Yi and foreign minister Qin Gang, had been ""candid and constructive,"" Blinken added.It was not clear from Xi's remarks what progress he was referring to, although he told Blinken that China ""hopes to see a sound and steady China-U.S. relationship"" and believes that the countries ""can overcome various difficulties,"" according to a Chinese readout of the talks.Xi also urged Washington not to ""hurt China's legitimate rights and interests,"" a signal of potential flashpoints such as Taiwan, the democratic island Beijing claims as its own.Blinken said he made clear the United States needs much greater cooperation from China on stemming the flow of fentanyl and the sides agreed to set up a working group on the matter.The lack of open communication channels between the two countries has prompted international jitters, and Beijing's reluctance to engage in regular military-to-military talks with Washington has alarmed China's neighbors.Speaking to reporters after the talks, senior foreign ministry official Yang Tao said U.S. sanctions were blocking progress on improving military-to-military communications.Chinese defense minister Li Shangfu has been sanctioned since 2018 over the purchase of combat aircraft and equipment from Russia's main arms exporter, Rosoboronexport.",https://www.reuters.com/article/china-usa-blinken/corrected-wrapup-8-xi-blinken-agree-to-stabilize-us-china-relations-in-beijing-talks-idUSL1N38B0G9
6,technologySector,FOCUS-Inside China's underground market for high-end Nvidia AI chips,JUN 19 2023,Psst! Where can a Chinese buyer purchase top-end Nvidia AI chips in the wake of U.S. sanctions?,"Visiting the famed Huaqiangbei electronics area in the southern Chinese city of Shenzhen is a good bet - in particular, the SEG Plaza skyscraper whose first 10 floors are crammed with shops selling everything from camera parts to drones. The chips are not advertised but asking discreetly works.They don't come cheap. Two vendors there, who spoke with Reuters in person on condition of anonymity, said they could provide small numbers of A100 artificial intelligence chips made by the U.S. chip designer, pricing them at $20,000 a piece - double the usual price.While buying or selling high-end U.S. chips is not illegal in China, U.S. export restrictions have created a de facto underground market with vendors keen not to draw scrutiny from either U.S. or Chinese authorities.President Joe Biden's administration in September ordered Nvidia to stop exporting its two most advanced chips - the A100 and the recently developed H100 - to mainland China and Hong Kong, part of efforts to stymie Chinese AI and supercomputing development amid intensifying political and trade tensions. That was then followed up with an array of semiconductor-related export controls.But, as AI booms across the globe after the runaway success of OpenAI's ChatGPT, demand for high-end chips has rocketed, particularly for Nvidia's microprocessors which are widely regarded as the best at handling machine-learning tasks.""We are talking with two vendors now to get some,"" said Ivan Lau, co-founder of Hong Kong's Pantheon Lab who is trying to purchase 2-4 new A100 cards to run the startup's latest AI models.Those vendors, who bought the chips outside the U.S., were quoting HK$150,000 ($19,150) per card, he said, adding: ""They told us straight up that there will be no warranty or support.""Reuters spoke with 10 vendors in Hong Kong and mainland China who described being able to easily procure small numbers of A100s. Their information highlighted both intense demand in China for the chips and the relative ease with which Washington's sanctions can be circumvented for small-batch transactions.Reuters was not able to estimate overall volumes of Nvidia A100 and H100 chips flowing into China or learn to what extent the transactions taking place go towards satisfying demand.Buyers are typically app developers, startups, researchers or gamers, the vendors said, declining to be identified because the imports contravene U.S. trade restrictions. One vendor said buyers also included Chinese local authorities.Nvidia said in a statement to Reuters it did not allow exports of the A100 or H100 to China, instead providing reduced-capability substitutes that comply with U.S. law.""If we receive information that a customer is breaching their agreement with us and exporting restricted products in violation of the law, we would take immediate and appropriate action,"" the statement said.A U.S. Department of Commerce spokesperson said in a statement to Reuters that export control measures have had a ""substantial impact"" on China's availability of high-end chips.The statement also said reports of parties seeking to obtain these chips through illicit means were ""not a surprise"", adding that ""allegations of violations are investigated"".China's State Council Information Office and China's industry ministry did not respond to requests for comment.Nvidia said in September that $400 million in sales during its third quarter could be lost if Chinese firms decided not to buy alternative Nvidia products.Its new China-tailored slower variants - the A800 and H800 - developed to cushion that impact are now being bought by large Chinese tech firms such as Tencent Holdings (0700.HK) and Alibaba (9988.HK), which have deep pockets to purchase huge quantities.The Chinese vendors said they procured the chips primarily in two ways: snatching up excess stock that finds its way to the market after Nvidia ships large quantities to big U.S. firms, or importing through companies locally incorporated in places such as India, Taiwan and Singapore.This means the quantities they can secure are small, far from what's needed to build a sophisticated AI large language model from scratch.A model similar to OpenAI's GPT would require more than 30,000 Nvidia A100 cards, according to research firm TrendForce. But a handful can run complex machine-learning tasks and enhance existing AI models.According to an electronics procurement website that listed some 40 sellers of A100s, most were located in the Huaqiangbei electronics area. But listings for A100s could also be found on Alibaba's (9988.HK) Taobao e-commerce site, on Xiaohongshu which is similar to Instagram, as well as on Douyin, the Chinese version of TikTok.Alibaba, Xiaohongshu and Douyin-owner ByteDance did not respond to requests for comment.Some of the vendors cautioned that fraud had become common with refurbished chips being passed off as A100s.",https://www.reuters.com/article/usa-china-chips-nvidia/focus-inside-chinas-underground-market-for-high-end-nvidia-ai-chips-idUSL8N38123O
7,technologySector,FOCUS-Inside China's underground market for high-end Nvidia AI chips,JUN 19 2023,Psst! Where can a Chinese buyer purchase top-end Nvidia AI chips in the wake of U.S. sanctions?,"Visiting the famed Huaqiangbei electronics area in the southern Chinese city of Shenzhen is a good bet - in particular, the SEG Plaza skyscraper whose first 10 floors are crammed with shops selling everything from camera parts to drones. The chips are not advertised but asking discreetly works.They don't come cheap. Two vendors there, who spoke with Reuters in person on condition of anonymity, said they could provide small numbers of A100 artificial intelligence chips made by the U.S. chip designer, pricing them at $20,000 a piece - double the usual price.While buying or selling high-end U.S. chips is not illegal in China, U.S. export restrictions have created a de facto underground market with vendors keen not to draw scrutiny from either U.S. or Chinese authorities.President Joe Biden's administration in September ordered Nvidia to stop exporting its two most advanced chips - the A100 and the recently developed H100 - to mainland China and Hong Kong, part of efforts to stymie Chinese AI and supercomputing development amid intensifying political and trade tensions. That was then followed up with an array of semiconductor-related export controls.But, as AI booms across the globe after the runaway success of OpenAI's ChatGPT, demand for high-end chips has rocketed, particularly for Nvidia's microprocessors which are widely regarded as the best at handling machine-learning tasks.""We are talking with two vendors now to get some,"" said Ivan Lau, co-founder of Hong Kong's Pantheon Lab who is trying to purchase 2-4 new A100 cards to run the startup's latest AI models.Those vendors, who bought the chips outside the U.S., were quoting HK$150,000 ($19,150) per card, he said, adding: ""They told us straight up that there will be no warranty or support.""Reuters spoke with 10 vendors in Hong Kong and mainland China who described being able to easily procure small numbers of A100s. Their information highlighted both intense demand in China for the chips and the relative ease with which Washington's sanctions can be circumvented for small-batch transactions.Reuters was not able to estimate overall volumes of Nvidia A100 and H100 chips flowing into China or learn to what extent the transactions taking place go towards satisfying demand.Buyers are typically app developers, startups, researchers or gamers, the vendors said, declining to be identified because the imports contravene U.S. trade restrictions. One vendor said buyers also included Chinese local authorities.Nvidia said in a statement to Reuters it did not allow exports of the A100 or H100 to China, instead providing reduced-capability substitutes that comply with U.S. law.""If we receive information that a customer is breaching their agreement with us and exporting restricted products in violation of the law, we would take immediate and appropriate action,"" the statement said.A U.S. Department of Commerce spokesperson said in a statement to Reuters that export control measures have had a ""substantial impact"" on China's availability of high-end chips.The statement also said reports of parties seeking to obtain these chips through illicit means were ""not a surprise"", adding that ""allegations of violations are investigated"".China's State Council Information Office and China's industry ministry did not respond to requests for comment.Nvidia said in September that $400 million in sales during its third quarter could be lost if Chinese firms decided not to buy alternative Nvidia products.Its new China-tailored slower variants - the A800 and H800 - developed to cushion that impact are now being bought by large Chinese tech firms such as Tencent Holdings (0700.HK) and Alibaba (9988.HK), which have deep pockets to purchase huge quantities.The Chinese vendors said they procured the chips primarily in two ways: snatching up excess stock that finds its way to the market after Nvidia ships large quantities to big U.S. firms, or importing through companies locally incorporated in places such as India, Taiwan and Singapore.This means the quantities they can secure are small, far from what's needed to build a sophisticated AI large language model from scratch.A model similar to OpenAI's GPT would require more than 30,000 Nvidia A100 cards, according to research firm TrendForce. But a handful can run complex machine-learning tasks and enhance existing AI models.According to an electronics procurement website that listed some 40 sellers of A100s, most were located in the Huaqiangbei electronics area. But listings for A100s could also be found on Alibaba's (9988.HK) Taobao e-commerce site, on Xiaohongshu which is similar to Instagram, as well as on Douyin, the Chinese version of TikTok.Alibaba, Xiaohongshu and Douyin-owner ByteDance did not respond to requests for comment.Some of the vendors cautioned that fraud had become common with refurbished chips being passed off as A100s.",https://www.reuters.com/article/usa-china-chips-nvidia/focus-inside-chinas-underground-market-for-high-end-nvidia-ai-chips-idUSL8N38123O
8,technologySector,Blinken urges China's vigilance on its firms providing tech to Russia,JUN 19 2023,"U.S. Secretary of State Antony Blinken said on Monday he had asked China's government to be vigilant about private companies that may be providing Russia with technology that could be used against Ukraine, although he said he had seen no evidence Beijing is providing lethal assistance to Moscow.","""What we do have ongoing concerns about, though, are Chinese firms, companies, that may be providing technology that Russia can use to advance its aggression in Ukraine and we have asked the Chinese government to be very vigilant about that,"" Blinken told reporters.Blinken spoke on a rare visit to Beijing during which China and the United States agreed to stabilize their intense rivalry so it does not veer into conflict, although the visit did not yield any major breakthrough.Blinken met on Monday, the second day of his visit, with Chinese President Xi Jinping.Western powers have provided Ukraine with billions of dollars in military assistance since Russia invaded in February 2022. China has faced accusations, which it denies, of supplying lethal weapons to Moscow. China and Russia announced a ""no-limits"" partnership shortly before Russia invaded Ukraine.""With regard to lethal aid to Russia for use in Ukraine, we and other countries have received assurances from China that it is not and will not provide lethal assistance to Russia for use in Ukraine,"" Blinken said.""We appreciate that, and we have not seen any evidence that contradicts that,"" he told reporters.Asked for comment on Blinken's remarks, the Chinese embassy in Washington said China is committed to promoting peace talks and has not provided weapons to either side in the Russia-Ukraine conflict.""We oppose the unfair prohibition or restriction on normal economic and trade activities between Chinese and foreign companies. We urge the U.S. side not to undermine China's legitimate rights and interests in any form when handling the Ukraine issue and its relations with Russia,"" spokesperson Liu Pengyu said in an emailed statement.Our Standards: The Thomson Reuters Trust Principles.",https://www.reuters.com/article/china-usa-blinken-weapons/blinken-urges-chinas-vigilance-on-its-firms-providing-tech-to-russia-idUSL1N38B1KS
9,technologySector,UPDATE 2-Nigeria's Tinubu removes security chiefs in major reshuffle,JUN 19 2023,"Nigeria's President Bola Tinubu made sweeping changes to the defence forces on Monday, forcing out the security chiefs and the head of police less than a month after taking office.","Tinubu, who was sworn in on May 29, has made security one of his major priorities and promised reforms to the sector, including recruitment of more soldiers and police officers, while paying and equipping them better.Nigeria's military is stretched fighting a long running Islamist insurgency in the northeast and banditry and kidnappings for ransom in the northwest as insecurity has spread to most parts of the country.It is not unusual for a new Nigerian president to send security chiefs into early retirement upon taking office, as Tinubu did on Monday.He picked Nuhu Ribadu, a former senior police officer and ex-head of the country's economic and financial crimes agency, as his National Security Adviser.Major General Christopher Musa, who until last year was leading the army's fight against the insurgency, takes over as the new Chief of Defence Staff from Lucky Irabor.Musa takes over leadership of the military in the aftermath of a Reuters report last year that the Nigerian Army ran a secret and illegal abortion programme targeting women and girls who had been kidnapped and raped by Islamist militants.Musa denied the programme ever existed and said Reuters reporting was part of a foreign effort to undermine the country's fight against the insurgents.Tinubu also named new commanders for the army, navy and air force as well as a new head of the Nigeria Customs Service with immediate effect.Our Standards: The Thomson Reuters Trust Principles.",https://www.reuters.com/article/nigeria-security/update-2-nigerias-tinubu-removes-security-chiefs-in-major-reshuffle-idUSL1N38B1FS
