,Topic,News Headline,News Date,News Summary,Full News Article,URL
0,technologySector,Flutter welcomes new UK gambling laws as 'significant moment' for sector,APR 27 2023,"Flutter, the world's largest online betting company, said it welcomed the planned publication on Thursday of long-awaited British government proposals to crack down on problem gambling.","""We welcome the publication of the White Paper, which marks a significant moment for the UK gambling sector. Whilst we will need to review the detail of the proposals once published, we believe proactive change will lead to a better future for our industry,"" Chief Executive Peter Jackson said in a statement.Jackson added that the Paddy Power, Betfair and Sky Bet owner had already introduced ""industry-leading"" safer gambling controls, including mandatory deposit limits for customers under 25, reducing online slots staking limits to 10 pounds per spin and investing in safer gambling operational capabilities.Our Standards: The Thomson Reuters Trust Principles.",https://www.reuters.com/article/britain-politics-gambling-flutter/flutter-welcomes-new-uk-gambling-laws-as-significant-moment-for-sector-idUSS8N358009
1,technologySector,UPDATE 2-STMicroelectronics defies chips gloom with Q1 beat,APR 27 2023,"European chipmaker STMicroelectronics beat first-quarter results forecasts on Thursday, defying signs of a slowdown in the semiconductor industry.","However, it shares fell around 4% in early trade as investors worried the slowdown would eventually catch up with the company, which counts iPhone maker Apple (AAPL.O) and carmaker Tesla (TSLA.O) among its customers.STMicro reported first-quarter earnings per share (EPS) of $1.10 on a 20% increase in revenues to $4.25 billion. Analysts had expected EPS of $0.99 and revenues of $4.19 billion, according to IBES data from Refinitiv Eikon.""STMicro continues to grow robustly during a semiconductor downcycle, so they are bucking the trend. The key question for investors is: how long will that last?"" said Paul Allison, an analyst at investment platform Finimize.""Analysts on Wall Street and elsewhere who are slightly less positive are saying exactly that. Watch out for a slowdown later in the year.""CEO Jean-Marc Chery said STMicro was aiming for full-year revenue of $17 billion to $17.8 billion, keeping it on course for its target of $20 billion by 2027.""We are operating in an environment with significantly different dynamics depending on the end markets we serve. Based on our leadership position, strategic approach and current visibility, we anticipate another year of revenue growth and profitability,"" Chery said.Rival Texas Instruments (TXN.O) forecast second-quarter revenue and profit below Wall Street estimates on Wednesday.STMicro's net income rose about 40% year-over-year to $1.04 billion in the quarter.Our Standards: The Thomson Reuters Trust Principles.",https://www.reuters.com/article/stmicroelectronics-results/update-2-stmicroelectronics-defies-chips-gloom-with-q1-beat-idUSL1N36U0BM
2,technologySector,Cellnex CEO expects to find his replacement in a few days,APR 27 2023,"Cellnex's Chief Executive Tobias Martinez said on Thursday the process to find his replacement is likely to be over in a few days and his or her appointment would be submitted to shareholders during the annual meeting scheduled in June. (Reporting by Joan Faus, editing by Inti Landauro)",,https://www.reuters.com/article/cellnex-ceo/-cellnex-ceo-expects-to-find-his-replacement-in-a-few-days-idUSS8N35105Y
3,technologySector,China says US call to South Korean chipmakers would threaten global supply chain,APR 27 2023,China's commerce ministry on Thursday said that a reported request by the United States for South Korean chipmakers not to fill any supply shortfalls in China would threaten the stability of global supply chains.,,https://www.reuters.com/article/usa-china-chips/china-says-us-call-to-south-korean-chipmakers-would-threaten-global-supply-chain-idUSB9N36L001
4,technologySector,"India's Coforge revenue forecast outpaces larger peers, shares rise",APR 27 2023,"Indian IT services provider Coforge Ltd's fourth-quarter revenue and its revenue growth forecast for fiscal year 2024 were roughly in line with analysts estimates, in contrast to weaker-than-expected outlooks from its bigger peers.","Coforge's shares were up 1.4% in midday trading on Thursday, compared with a 0.8% rise in the Nifty IT index (.NIFTYIT), while the benchmark Nifty 50 index (.NSEI) was up 0.18%.The top three Indian IT firms – Tata Consultancy Services Ltd (TCS.NS), Infosys Ltd (INFY.NS) and HCL Technologies Ltd (HCLT.NS) — have said their U.S. and European clients are delaying closing deals and even cutting back on or cancelling orders due to the turbulent macroeconomic environment.Infosys' and HCLTech's revenue growth forecasts for the year ending March 2024 were in the single-digit percentage growth range and below market expectations.However, Coforge said it expects full-year revenue growth of 13% to 16% in constant currency terms, helped by a strong deal pipeline, while analysts were expecting 16% growth, in rupee terms, according to Refinitiv data.Its fourth-quarter revenue growth of 24.5% to 21.70 billion rupees ($266 million) was also in line with analysts' estimates.That helped it post fiscal 2023 revenue growth of 22.4%, beating its guidance of 22%.""Our performance heading in to FY24 sets us up well to deliver robust growth,"" said Chief Executive Officer Sudhir Singh.Its consolidated net profit dropped to 1.15 billion from 2.08 billion rupees a year ago due to a 30.4% jump in total expenses, mainly on employee benefits, and a 523 million rupees one-off charge it took due to aborting plans to raise funds due to turbulent U.S. market conditions.Coforge said its order intake was at $301 million in the quarter, flat from a year ago. ($1 = 81.6490 Indian rupees)Our Standards: The Thomson Reuters Trust Principles.",https://www.reuters.com/article/coforge-results/indias-coforge-revenue-forecast-outpaces-larger-peers-shares-rise-idUSL4N36U0VC
5,technologySector,"South Korean shares reverse 5-day slide, but mood remains shaky",APR 27 2023,Round-up of South Korean financial markets:,,https://www.reuters.com/article/southkorea-markets-close/south-korean-shares-reverse-5-day-slide-but-mood-remains-shaky-idUSS6N36G01E
6,technologySector,"Blocking Microsoft-Activision deal was right for the UK, regulator says",APR 27 2023,"The chief executive of the CMA, Britain's anti-trust regulator, said the decision to block Microsoft's acquisition of 'Call of Duty' maker Activision Blizzard on Wednesday was the right one for the UK.","The Competition and Markets Authority (CMA), which operates independently from government, blocked the deal on Wednesday, saying it could hit competition in the nascent cloud gaming market.Microsoft hit back on Thursday, saying it was ""probably the darkest day in our four decades in Britain"" and sent the wrong message to the global tech industry about the UK.""If the government of the United Kingdom wants to bring in investment, if it wants to create jobs (...) it needs to look hard at the role of the CMA, the regulatory structure in the United Kingdom, this transaction, and the message that the United Kingdom has just said to the world,"" he told BBC radio.A spokesman for British Prime Minister Rishi Sunak said Smith's comments were ""not borne out by the facts"".""We continue to believe that the UK has an extremely attractive tech sector and a growing games market,"" he said. ""We will continue to engage proactively with Microsoft and other companies.""Smith said Microsoft had worked effectively with regulators in Brussels but not in London, which he said refuted Britain's claim that it would be more flexible after Brexit.The company had answered the CMA's questions, he said, and it had told them to come back with any more concerns. ""They went silent, we heard nothing from them,"" he said.""There's a clear message here - the European Union is a more attractive place to start a business if you want some day to sell it than the United Kingdom,"" he added.But CMA Chief Executive Sarah Cardell said the regulator's role was to make sure Britain was a competitive environment for businesses to be able to grow and thrive.""The decision that the CMA takes is an independent decision that we reached looking at an overall assessment of the impact of the deal on competition, and we think that is the right decision for the UK,"" she said.She noted the U.S. Federal Trade Commission was also pressing for the deal to be blocked on competition grounds.Microsoft said yesterday it would appeal, with ""aggressive"" support from Activision (ATVI.O).Appeals against CMA rulings are heard by the Competition Appeals Tribunal, which makes a judgment on the merits of the decision. It will not be an opportunity for Microsoft to submit new remedies.Our Standards: The Thomson Reuters Trust Principles.",https://www.reuters.com/article/activision-ma-microsoft-britain/blocking-microsoft-activision-deal-was-right-for-the-uk-regulator-says-idUSS8N34V02H
7,technologySector,UPDATE 2-Atos' cybersecurity unit drives sales ahead of split,APR 27 2023,"Struggling French IT consulting firm Atos posted higher-than-expected quarterly sales on Thursday, driven by its cybersecurity and digital transformation unit Eviden, as the group continues to work on its costly split-up plan.","Home to assets deemed strategic by the French government, Atos is striving to regain investor confidence after several setbacks, heavy losses and sharp stock swings precipitated by governance instability.The recent withdrawal by Airbus (AIR.PA), the world's largest planemaker, from a plan to buy a minority stake in Eviden leaves Atos looking for other strategic partners as it seeks to firm up the financing of its transformation plan.""(This) has clearly dampened the sentiment around the stock and investors are understandably keen to get clarity on interest from potential suitors,"" Citi said in a note prior to Atos' quarterly update.Eviden groups Atos' most coveted assets such as cybersecurity division BDS and supercomputers, fuelling speculation about interest from other players in the cybersecurity field, such as Thales (TCFP.PA). Thales' CEO reiterated last month he wasn't interested in Eviden.First-quarter revenue was up 2.8% from a year earlier to 2.81 billion euros ($3.11 billion), beating the analyst consensus provided by the company.Eviden, which the group plans to spin-off by the end of the year, posted 9.5% growth in sales on an organic basis to 1.33 billion euros, offsetting a 2.6% drop in sales at Atos' loss-making Tech Foundations IT consulting legacy activities.Yet the group said its ""book-to-bill"" ratio, which helps investors evaluate the outlook for tech companies, only marginally improved in the first quarter, coming in at 73% compared to 72% a year ago.Shares of Atos, which used to be part of France's blue-chip CAC 40 index, have recovered some losses since the start of the year, but are still down almost 50% over the last 12 months.The group confirmed its full-year targets.Atos said its much-expected shareholder meeting would take place on June 28, amid strong criticism from some investors of board chairman Bertrand Meunier.($1 = 0.9047 euros)Our Standards: The Thomson Reuters Trust Principles.",https://www.reuters.com/article/atos-results/update-2-atos-cybersecurity-unit-drives-sales-ahead-of-split-idUSL8N36U0XN
8,technologySector,"Continental, Aurora to jointly develop self-driving systems for trucks",APR 27 2023,German automotive parts company Continental AG and U.S.-based self-driving technology firm Aurora Innovation said on Thursday they would jointly design and develop autonomous systems for the trucking industry.,"Investors and industry executives have been concerned about heavy investments going into self-driving technology and the protracted timelines to develop it.Aurora Innovation already has partnerships with PACCAR Inc (PCAR.O) and Volvo (VOLVb.ST) to develop and test Aurora Driver, its self-driving system, on their trucks.This system will be launched next year, for commercial fleet operators and freight carriers across the United States, and come with a subscription service called Aurora Horizon, the companies said.Continental will only start providing the hardware for all future iterations of Aurora Driver, with production expected to start in 2027, the companies added.They expect Aurora Driver to reduce the cost of adopting autonomous driving technology.Our Standards: The Thomson Reuters Trust Principles.",https://www.reuters.com/article/continental-aurora-innovatio/continental-aurora-to-jointly-develop-self-driving-systems-for-trucks-idUSL4N36T4L7
9,technologySector,Deutsche Boerse offers $4.3 bln to buy Denmark's SimCorp,APR 27 2023,"Deutsche Boerse has made a 29 billion Danish crowns ($4.30 billion) takeover offer for Danish financial software company SimCorp , the companies said in a joint statement on Thursday. ($1 = 6.7414 Danish crowns) (Reporting by Essi Lehto, editing by Terje Solsvik)",,https://www.reuters.com/article/simcorp-ma-deutsche-boerse/deutsche-boerse-offers-4-3-bln-to-buy-denmarks-simcorp-idUSL8N36U262
