,Topic,News Headline,News Date,News Summary,Full News Article,URL
0,technologySector,Fortress Investment Group may acquire bankrupt Vice Media - NYT,JUN 22 2023,"A group of buyers including Fortress Investment Group is set to take over the bankrupt Vice Media, the New York Times reported on Thursday, citing people familiar with the matter.","Thursday's auction has been canceled and a hearing to approve the sale of the company was scheduled for Friday, according to a filing with the U.S. bankruptcy court in Manhattan on Thursday.Popular with millennial audience through its websites Vice and Motherboard, Vice Media filed for bankruptcy protection last month in a move that capped years of financial difficulties and top-executive departures.At the time, Vice disclosed that lenders led by Fortress offered about $225 million in the form of a credit bid for almost all of the company's assets and some of its liabilities.GoDigital Media told Reuters in an emailed statement that it made a higher bid for Vice but the offer was turned down by the sellers.""We think Fortress's decision is the wrong choice, and the company, employees, partners and consumers will suffer,"" GoDigital said.Privately held Vice was valued at $5.7 billion at its peak in 2017. Its investors include James Murdoch's Lupa Systems, TPG, Technology Crossover Ventures and Antenna Group.Internet media publications have lately struggled to grow their ad-dependent revenue as Big Tech platforms like Facebook, Instagram (META.O) and Alphabet's (GOOGL.O) Google attracted the bulk of digital advertising spends.Meanwhile, the ad market had been suppressed due to the COVID-19 pandemic, further challenging the business at online publishers.Fortress and Vice did not immediately respond to Reuters' requests for comment on the potential deal, which must be approved by the bankruptcy judge.Our Standards: The Thomson Reuters Trust Principles.",https://www.reuters.com/article/vice-media-bankruptcy/fortress-investment-group-may-acquire-bankrupt-vice-media-nyt-idUSL4N38E27F
1,technologySector,Deloitte quits as Byju's auditor during term - sources,JUN 22 2023,"Deloitte decided to quit as auditor to Indian edu-tech Byju's during its term, two sources familiar with the matter told Reuters on Thursday.",,https://www.reuters.com/article/byjus-auditor-deloitte/deloitte-quits-as-byjus-auditor-during-term-sources-idUSL4N38E25D
2,technologySector,Self-driving firm Kodiak inks deal to equip 800 Loadsmith trucks,JUN 22 2023,"Autonomous truck technology firm Kodiak Robotics will equip its self-driving software in 800 trucks for logistics platform Loadsmith, the companies said in a statement on Thursday.","Kodiak will start delivering the trucks equipped with Kodiak Driver in the second half of 2025, the companies said, adding that as part of Loadsmith's U.S. freight network, the trucks will haul goods on the interstate highways while human drivers will complete local pickups and deliveries.Investor concerns in the self-driving industry have been on the rise as companies grapple with complicated technology, tough regulations and delayed legislations, leading to job cuts and shutdowns.Instead, investor focus has shifted to companies that offer less-complex, less-cash intensive forms of autonomy with a proven business model.Kodiak and Lordsmith said pairing autonomous trucks for long haul with local drivers will improve efficiency and safety for shippers, and help allay concerns over a nationwide driver shortage.There will be no safety driver involved in the autonomous part of the operations for Loadsmith, a Kodiak spokesperson said.California-based Kodiak partners with companies such as Swedish furniture giant IKEA and France-based CEVA Logistics for freight deliveries in Texas. Last year, Kodiak won a $50 million contract to develop AVs for the U.S. Army.Our Standards: The Thomson Reuters Trust Principles.",https://www.reuters.com/article/kodiakrobotics-loadsmith-autonomous/self-driving-firm-kodiak-inks-deal-to-equip-800-loadsmith-trucks-idUSL4N38E087
3,technologySector,"FEATURE-My body, my data: US fight for abortion access turns digital",JUN 22 2023,More than half of U.S. states have banned or restricted abortion,,https://www.reuters.com/article/usa-abortion-digital/feature-my-body-my-data-us-fight-for-abortion-access-turns-digital-idUSL8N38D0AB
4,technologySector,Meta's Oversight Board asks Facebook owner to evaluate election integrity efforts,JUN 22 2023,"Meta Platforms' Oversight Board has asked the social media firm to evaluate efforts to prevent promotion of political violence on its platforms, after it allowed a video calling for violence post the 2022 Brazilian election to stay online.","The board said on Thursday that Meta's original decision to leave up the Facebook video, which featured a Brazilian general calling people to ""hit the streets,"" raised concerns about the effectiveness of the company's election integrity efforts.""In this case, the speaker's intent, the content of the speech and its reach, as well as the likelihood of imminent harm ... all justified removing the post,"" said the Oversight Board, whose recommendations are not binding on Meta.After initially letting the video stay up, Meta took it down on Jan. 20, after the board selected the case.The company's election preparedness efforts are in focus as the United States prepares for the presidential elections next year.Meta's Facebook and Instagram, two of the most popular social media sites in the world, have been in the past used to spread misinformation and incite violence on the ground.In 2020, the company said that its platforms were used by certain Russian groups to influence U.S. voters during the 2016 elections, where Republican Donald Trump emerged victorious.The company was also among the social media platforms that suspended Trump in 2021 after the deadly Jan. 6 Capitol Hill riot, determining he had incited violence. The former U.S. president was reinstated earlier this year.Meta, in a response to the board, said that it does not currently have metrics for measuring the success of its election integrity efforts generally.The Oversight Board was created in late 2020 to review Facebook and Instagram's decisions on taking down or leaving up certain content and make rulings on whether to uphold or overturn the social media company's actions.Our Standards: The Thomson Reuters Trust Principles.",https://www.reuters.com/article/meta-platforms-oversight-board-election/metas-oversight-board-asks-facebook-owner-to-evaluate-election-integrity-efforts-idUSL4N38E1ST
5,technologySector,Robinhood to buy fintech firm X1,JUN 22 2023,Robinhood Markets is buying financial technology firm X1 Inc for about $95 million in cash as it looks for new revenue streams to counter weakness in its mainstay trading unit.,,https://www.reuters.com/article/x1-ma-robinhood/robinhood-to-buy-fintech-firm-x1-idUSL4N38E1FX
6,technologySector,UPDATE 2-Applied Materials to invest $400 million in India for new engineering center,JUN 22 2023,"U.S. semiconductor toolmaker Applied Materials will invest $400 million over four years in a new engineering center in India, the company said on Thursday.","Indian Prime Minister Narendra Modi had met with the company's CEO Gary Dickerson in Washington on Wednesday and invited Applied to strengthen the chip industry in the country.Applied's investment is among a flurry of announcements this week including General Electric's (GE.N) deal to jointly produce jet engines for the military with state-owned Hindustan Aeronautics Ltd (HIAE.NS) and data storage chipmaker Micron's (MU.O) $825 million investment to build a new factory in India.Modi also met Tesla (TSLA.O) CEO Elon Musk after which the automaker's top boss said the company will try to be in India ""as soon as humanly possible.""The new center is expected to be located near the company's existing facility in Bengaluru and is likely to support more than $2 billion of planned investments and create 500 new advanced engineering jobs, the company said.Applied currently operates across six sites in India and works closely with Indian Institute of Science, Bangalore and the Indian Institute of Technology in Mumbai, two of the country's prestigious institutions.Our Standards: The Thomson Reuters Trust Principles.",https://www.reuters.com/article/applied-india/update-2-applied-materials-to-invest-400-million-in-india-for-new-engineering-center-idUSL4N38E1VJ
7,technologySector,"India's Lumikai launches $50 mln gaming, interactive media fund",JUN 22 2023,"Indian gaming-focused venture capital (VC) fund Lumikai on Thursday said it has launched a $50 million fund, which includes investments from South Korea's Krafton and Japan's Colopl.","Other investors in the fund include former Take-Two Interactive (TTWO.O) boss Ben Feder, music streaming service Napster's CEO Jon Vlassopulos, Finnish mobile game developer Supercell and Japan's Mixi (2121.T), Lumikai said in a statement.""There's been a lot of inbound interest from global investors into the India market,"" Lumikai Founding General Partner Justin Keeling told Reuters.Lumikai said it will deploy the capital in pre-seed to series A investments in India's gaming and interactive media markets, with focus on digital content, intellectual property, and platforms specializing in user-generated content.The VC fund also said it is in advanced talks to complete three deals, without naming the ventures.With startups scrambling to raise funds and become profitable, Lumikai Founding General Partner Salone Sehgal said it's a great time to invest in gaming ventures, as such entities tend to be counter-cyclic and become profitable fairly quickly.Lumikai, which already has $40 million under management, has invested in gaming studios including Studio Sirah, and as well as streaming platforms such as Loco. Separately, it is also setting up a $10 million investment fund for Indian investors.India, the world's largest mobile gaming market in terms of app downloads, has produced three gaming unicorns in Game 24X7, Dream11 and Mobile Premier League, according to a government investment agency.Analysts have said the country's large youth population, an increase in disposable incomes among the more affluent, and higher smartphone purchases are fuelling growth in the gaming market.The India Brand Equity Foundation, a government agency, expects India's gaming market size to soar to $8.6 billion by fiscal 2027 from $2.6 billion in fiscal 2022.""India is at an incredible inflection point for gaming,"" Keeling said.Our Standards: The Thomson Reuters Trust Principles.",https://www.reuters.com/article/lumikai-fund/indias-lumikai-launches-50-mln-gaming-interactive-media-fund-idUSL4N38D1D4
8,technologySector,"India's Lumikai launches $50 mln gaming, interactive media fund",JUN 22 2023,"Indian gaming-focused venture capital (VC) fund Lumikai on Thursday said it has launched a $50 million fund, which includes investments from South Korea's Krafton and Japan's Colopl.","Other investors in the fund include former Take-Two Interactive (TTWO.O) boss Ben Feder, music streaming service Napster's CEO Jon Vlassopulos, Finnish mobile game developer Supercell and Japan's Mixi (2121.T), Lumikai said in a statement.""There's been a lot of inbound interest from global investors into the India market,"" Lumikai Founding General Partner Justin Keeling told Reuters.Lumikai said it will deploy the capital in pre-seed to series A investments in India's gaming and interactive media markets, with focus on digital content, intellectual property, and platforms specializing in user-generated content.The VC fund also said it is in advanced talks to complete three deals, without naming the ventures.With startups scrambling to raise funds and become profitable, Lumikai Founding General Partner Salone Sehgal said it's a great time to invest in gaming ventures, as such entities tend to be counter-cyclic and become profitable fairly quickly.Lumikai, which already has $40 million under management, has invested in gaming studios including Studio Sirah, and as well as streaming platforms such as Loco. Separately, it is also setting up a $10 million investment fund for Indian investors.India, the world's largest mobile gaming market in terms of app downloads, has produced three gaming unicorns in Game 24X7, Dream11 and Mobile Premier League, according to a government investment agency.Analysts have said the country's large youth population, an increase in disposable incomes among the more affluent, and higher smartphone purchases are fuelling growth in the gaming market.The India Brand Equity Foundation, a government agency, expects India's gaming market size to soar to $8.6 billion by fiscal 2027 from $2.6 billion in fiscal 2022.""India is at an incredible inflection point for gaming,"" Keeling said.Our Standards: The Thomson Reuters Trust Principles.",https://www.reuters.com/article/lumikai-fund/indias-lumikai-launches-50-mln-gaming-interactive-media-fund-idUSL4N38D1D4
9,technologySector,Western defence firms wary on Ukraine's weapons production pitch,JUN 22 2023,"Western defence companies are interested in making weapons in Ukraine - but not until after the war, according to half a dozen executives contacted by Reuters at the Paris Airshow.","Ukraine is desperate to boost its weapons arsenal, from drones and munitions to tanks, as it battles to repel Russia's invasion. It's also looking to boost job opportunities and stabilise an economy ravaged by war.On Monday, a Ukrainian deputy minister told Reuters that Kyiv was in talks with defence companies in Germany, France, Italy and eastern Europe to potentially make weapons in Ukraine.But company executives at the world's biggest aerospace industry gathering said there was currently too much risk.""You just have to think about more broadly, the state of the situation ... and the risk associated with that co-production,"" said Greg Ulmer, who leads U.S. defence giant Lockheed Martin's (LMT.N) aeronautic business and was not aware of any direct discussions with Ukraine on co-production activities.Representatives from two major defence companies confirmed they had heard about the Ukrainian initiative, with one adding his company was prepared to sign a letter of intent to discuss an industrial partnership in Ukraine once hostilities end.But none of those interviewed expressed an interest in investing directly while the war rages, with security the top concern.Germany's Rheinmetall (RHMG.DE) said last month it had set up a joint venture with Ukrainian state-owned conglomerate Ukroboronprom to build and repair tanks in Ukraine.In May, President Volodomyr Zelenskiy said Ukraine was working with Britain's BAE Systems (BAES.L) to set up a Ukrainian base to both produce and repair weapons from tanks to artillery.But executives noted that repair sites are easier to set up than full-scale assembly lines.And former Russian President Dmitry Medvedev, a close ally of current President Vladimir Putin, has said Russia would retaliate by hitting any facility Rheinmetall set up in Ukraine.""It takes some time, as in any country, to try and evaluate who are the right partners, who can do what. And doing that, at the same time as they are fighting a war – it's not an easy task,"" said Micael Johansson, CEO of Sweden's Saab.Ukrainian officials declined to comment on the defence companies' concerns or to say whether they were offering any insurance or other incentives to investment.Major insurers are generally excluding Ukraine from policies, saying the risks are too great, although Britain and France said separately on Wednesday they were planning war risk insurance mechanisms to aid Ukraine's recovery.Defence ministries in Britain, France, Germany and Italy declined to comment on any potential arms production in Ukraine.""We are committed to supporting Ukraine ... including its efforts to rebuild its significant industrial base. We have no specific or additional information to offer regarding defense co-production at this time,"" a senior official at the U.S. Department of Defense told Reuters.Many executives see a potential big opportunity in Ukraine once the conflict ends, however.""What we know is that there is a highly skilled workforce of people that are eager to learn, extremely resourceful and have a culture of getting things done,"" said Ricardo Mendes, CEO of Britain and Portugal-based drone company TEKEVER.TEKEVER doesn't have concrete plans for its post-war operations but said it intended to ""invest and contribute significantly to the development of the Ukrainian drone industrial base"".Some executives warned existing regulations could restrict companies' ability to work with Ukrainian industry even after the war.""When it comes to co-production, the U.S. government looks at those things very carefully ... and always with an eye towards making sure that we're not completely transferring all technical know-how to the foreign partner,"" said Nicola Johnson, senior director of government affairs for U.S. drone maker General Atomics.But getting the idea in the heads of executives early could be a savvy move, analysts said. If the war ends within the next year, Ukraine's strategy could help kick-start discussions on the construction of a defence industry in peacetime.""It's a great idea. It's just a matter of time,"" Richard Aboulafia, an aerospace analyst at AeroDynamic Advisories, said.""Long run, it will be a top objective to bring Ukraine into the Western industrial ecosystem and perhaps even the political and military alliance.""",https://www.reuters.com/article/france-airshow-ukraine-defence/western-defence-firms-wary-on-ukraines-weapons-production-pitch-idUSL8N38D4I2
