,Topic,News Headline,News Date,News Summary,Full News Article,URL
0,technologySector,UPDATE 1-Panasonic says it may build EV battery plant in Oklahoma,APR 16 2023,"Japan's Panasonic Holdings , a battery supplier to electric vehicle maker Tesla Inc , said on Sunday that it is considering building a battery plant in Oklahoma, its third in the United States.","""Panasonic has entered into an agreement with the State of Oklahoma that defines the eligibility and terms of the incentives under Oklahoma's LEAD Act,"" the company told Reuters in an email, referring to an incentive package the state has established to attract major companies to its MidAmerica Industrial Park in Pryor.""There are no other specific decisions that have been made by the Company. We will share more information as it is available,"" the statement said.Panasonic's decision to consider Oklahoma, which was reported earlier by Kyodo news agency, comes amid surging sales for electric vehicles, and other EV makers besides longtime customer Tesla are looking to the Japanese conglomerate as a possible battery supplier.Panasonic is in talks with other Stellantis (STLAM.MI) and BMW (BMWG.DE) about building a new EV plant in North America, the Wall Street journal reported this month.The Japanese company in July rejected Oklahoma as the site for its second EV battery plant, picking Kansas instead to make batteries for Tesla. State officials there said that investment of up to $4 billion will create up to 4,000 jobs.Our Standards: The Thomson Reuters Trust Principles.",https://www.reuters.com/article/panasonic-electric/update-1-panasonic-says-it-may-build-ev-battery-plant-in-oklahoma-idUSL1N36J056
1,technologySector,UPDATE 1-Apple TV back up in US after brief outage -Downdetector,APR 16 2023,"Apple Inc's TV platform was back up after an outage of a few hours for thousands of users in the United States late on Saturday, according to outage tracking website Downdetector.com.","The platform was down for 6,000 users at the peak of the outage, Downdetector.com showed.Users also reported facing issues with other Apple services like Apple Support and iCloud late on Saturday.Apple did not immediately respond to Reuters' request for comment regarding the cause of the outage or whether other services were impacted as indicated by Downdetector.Last week, Apple users had reported issues with streaming Apple Music briefly.Our Standards: The Thomson Reuters Trust Principles.",https://www.reuters.com/article/apple-outage/update-1-apple-tv-back-up-in-us-after-brief-outage-downdetector-idUSL1N36J04R
2,technologySector,"Sudanese telecoms provider MTN blocks internet services, MTN officials say",APR 16 2023,"Sudan's MTN telecommunications company has blocked internet services in the country on the orders of the government telecommunications regulator, two officials from the company told Reuters on Sunday. (Reporting by Khalid Abdelaziz; Writing by Omar Abdel-Razek; Editing by Hugh Lawson)",,https://www.reuters.com/article/sudan-politics-internet/sudanese-telecoms-provider-mtn-blocks-internet-services-mtn-officials-say-idUSS8N35N0D8
3,technologySector,Panasonic may build third EV battery plant in Oklahoma -Kyodo,APR 16 2023,"Japan's Panasonic Holdings , a battery supplier to electric vehicle maker Tesla Inc , is considering building a battery plant in Oklahoma, it third in the United States, Kyodo news service reported on Sunday. (Reporting by Tim Kelly; Editing by William Mallard)","""Panasonic has entered into an agreement with the State of Oklahoma that defines the eligibility and terms of the incentives under Oklahoma's LEAD Act,"" the company told Reuters in an email, referring to an incentive package the state has established to attract major companies to its MidAmerica Industrial Park in Pryor.""There are no other specific decisions that have been made by the Company. We will share more information as it is available,"" the statement said.Panasonic's decision to consider Oklahoma, which was reported earlier by Kyodo news agency, comes amid surging sales for electric vehicles, and other EV makers besides longtime customer Tesla are looking to the Japanese conglomerate as a possible battery supplier.Panasonic is in talks with other Stellantis (STLAM.MI) and BMW (BMWG.DE) about building a new EV plant in North America, the Wall Street journal reported this month.The Japanese company in July rejected Oklahoma as the site for its second EV battery plant, picking Kansas instead to make batteries for Tesla. State officials there said that investment of up to $4 billion will create up to 4,000 jobs.Our Standards: The Thomson Reuters Trust Principles.",https://www.reuters.com/article/panasonic-electric/panasonic-may-build-third-ev-battery-plant-in-oklahoma-kyodo-idUSL4N36J085
4,technologySector,"Sudan clashes kill 56, wound 595 people – doctors central committee",APR 15 2023,"A total of 56 civilians were killed and 595 others were wounded in clashes across Sudan, the Central Committee of Sudan Doctors said early on Sunday, a day after fighting broke out between Sudan's military and a government paramilitary force.",,https://www.reuters.com/article/sudan-politics-death-toll/sudan-clashes-kill-56-wound-595-people-doctors-central-committee-idUSS8N36D05V
5,technologySector,Apple TV down for thousands of US users -Downdetector,APR 15 2023,"Apple Inc's Apple TV platform was down for thousands of users in the United States on late Saturday, according to outage tracking website Downdetector.com.","The platform was down for 6,000 users at the peak of the outage, Downdetector.com showed.Users also reported facing issues with other Apple services like Apple Support and iCloud late on Saturday.Apple did not immediately respond to Reuters' request for comment regarding the cause of the outage or whether other services were impacted as indicated by Downdetector.Last week, Apple users had reported issues with streaming Apple Music briefly.Our Standards: The Thomson Reuters Trust Principles.",https://www.reuters.com/article/apple-outage/apple-tv-down-for-thousands-of-us-users-downdetector-idUSL1N36J011
6,technologySector,China launches rocket carrying weather satellite - China Meteorological Administration,APR 15 2023,"China launched a rocket carrying a weather satellite on Sunday morning, according to a live feed from the China Meteorological Administration. (Reporting by Ethan Wang and Bernard Orr; Editing by William Mallard)",,https://www.reuters.com/article/china-satellite/china-launches-rocket-carrying-weather-satellite-china-meteorological-administration-idUSB8N35N02R
7,technologySector,China launches rocket carrying weather satellite - China Meteorological Administration,APR 15 2023,"China launched a rocket carrying a weather satellite on Sunday morning, according to a live feed from the China Meteorological Administration. (Reporting by Ethan Wang and Bernard Orr; Editing by William Mallard)",,https://www.reuters.com/article/china-satellite/china-launches-rocket-carrying-weather-satellite-china-meteorological-administration-idUSB8N35N02R
8,technologySector,"Germany examining Chinese components in its 5G network, interior minister says",APR 15 2023,"Germany's Interior Ministry is examining all Chinese components that are already installed in the country's 5G network, Minister Nancy Faeser was quoted as saying on Sunday, as Berlin re-evaluates its relationship with top trade partner China.","""We have to protect our communication networks,"" Faeser told Bild am Sonntag newspaper, adding that the examination's three priorities were identifying risks, averting dangers and avoiding dependencies.""This is especially true for our critical infrastructure,"" she said.Germany has been considering banning certain components from Chinese companies Huawei and ZTE in its telecoms networks, a government source told Reuters last month, in a potentially significant move to address security concerns.The German government has been wary of expressly singling out Huawei but there are concerns that such companies' close links to Beijing's security services mean that embedding them in the mobile networks of the future could give Chinese spies and even saboteurs access to essential infrastructure.Our Standards: The Thomson Reuters Trust Principles.",https://www.reuters.com/article/germany-china-tech/germany-examining-chinese-components-in-its-5g-network-interior-minister-says-idUSL1N36I0IY
9,technologySector,Angry Birds maker Rovio confirms talks with Sega over tender offer,APR 15 2023,"Rovio Entertainment, the company behind the mobile game Angry Birds, confirmed on Saturday that it is in talks with Japan's Sega Sammy Holdings Inc over a possible tender offer.","Rovio announced the start of a strategic review and preliminary non-binding discussions regarding a potential tender offer for its shares in February, a statement from the group said.""As part of its strategic review, Rovio Entertainment Corporation confirms that it is in discussions with Sega Sammy Holdings Inc,"" it said. ""Rovio and Sega will release further information at an appropriate time.""The statement comes after the Wall Street Journal on Friday reported that Sega is nearing a deal to acquire Rovio for about $1 billion.Rovio declined to comment on the valuation. As of Friday's close its market capitalization stood at 594.1 million euros ($653.5 million), according to Refinitiv Eikon data.The company added in the statement that there ""is no certainty as to when the possible tender offer would take place, or whether it would take place at all"".Sega did not immediately respond to a Reuters request for comment.Rovio received a 683 million euro takeover bid in January from Israeli peer Playtika Holding Corp (8II.F), but the talks were called off last month.($1 = 0.9091 euros)Our Standards: The Thomson Reuters Trust Principles.",https://www.reuters.com/article/rovio-ma-sega-sammy-hldg/angry-birds-maker-rovio-confirms-talks-with-sega-over-tender-offer-idUSL1N36I09A
