,Topic,News Headline,News Date,News Summary,Full News Article,URL
0,technologySector,Amazon appeals to French court to scrap planned 3 euro book delivery fee,JUN 27 2023,"Online retailer Amazon.com has appealed to France's highest administrative court to overturn part of a law seeking to charge a minimum 3-euro ($3.3) delivery fee for books purchased online, it said on Tuesday.","Amazon France said the clause in the law, which stipulates that books ordered online for a value of less than 35 euros must have a minimum 3-euro delivery fee, went against the general interest of French consumers at a time of concern over rising costs.The law is due to come into effect in October and represents an increase to Amazon's previous charge of a single euro cent on book deliveries in France.Previous French governments have issued similar legislation, which has been aimed at protecting local, independent bookstores in the face of competition from Amazon. Amazon says such measures will hit lower-income people who may live in rural areas without any bookshops.""This measure will deal a severe blow to the budgets of French people and will limit their access to books at a time when consumers' purchasing power is one of their main worries,"" said Amazon France Chief Executive Frederic Duval.The French Ministry of Culture said it would not comment on the matter.Guillaume Husson, who heads the Syndicat de la Librairie Francaise bookshops union, criticised Amazon's move and said it showed how the giant online retailer wanted to have a monopoly on the online book market.($1 = 0.9122 euros)Our Standards: The Thomson Reuters Trust Principles.",https://www.reuters.com/article/amazon-france/amazon-appeals-to-french-court-to-scrap-planned-3-euro-book-delivery-fee-idUSL8N38J3LA
1,technologySector,UPDATE 2-Spain angers ride-hailing platforms and drivers with new regulation,JUN 27 2023,The Spanish government on Tuesday angered the ride-hailing transport industry by allowing regions to restrict their activity despite a ruling by the European Union's top court that had overturned a set of local curbs in Barcelona.,"Associations representing drivers working with app platforms operating in Spain, such as Uber (UBER.N), Bolt and local rival Cabify, said they would challenge the decision in Brussels and ask the European Commission to open legal proceedings against Spain.""We regret the aim is again to impose limits on business activity and not the users' right to get a quality service,"" Bolt said in a statement.The cabinet on Tuesday approved a decree allowing regional authorities to force drivers of private cars for hire to respect additional criteria to be able to operate in specific areas, Economy Minister Nadia Calvino told reporters.The decree states that these criteria will have to be justified by reasons such as environmental protection, road safety or sustainability of ""public interest services"" such as regular taxis.That last motive goes against a recent ruling by the Court of Justice of the European Union that struck down restrictions imposed in Barcelona, said Feneval and Unauto, two associations of drivers and fleet owners.The ruling on June 8 said the Barcelona restrictions aimed at reducing the number of private cars transporting passengers hired through mobile platforms to protect the interests of taxi services violated EU laws as they discriminated between different service providers.Spain's transport ministry said, however, the new regulation abides by the court ruling, and insisted the protection of taxis is in the general public interest.The enforcement of the Barcelona restrictions late last year had pushed many self-employed drivers and fleet owners in Barcelona out of business and they welcomed the court ruling as a precedent that institutionalised them as legitimate public transport operators.Our Standards: The Thomson Reuters Trust Principles.",https://www.reuters.com/article/spain-transportation-ridehailing/update-2-spain-angers-ride-hailing-platforms-and-drivers-with-new-regulation-idUSL8N38J2ND
2,technologySector,Zoox headcount grows as Amazon's self-driving unit expands testing in Vegas,JUN 27 2023,"Amazon.com Inc's self-driving vehicle unit, Zoox, is hiring more employees to expand its testing in Las Vegas at a time when the regulatory implications have taken a front seat in the development of autonomous vehicle technology.",,https://www.reuters.com/article/zoox-robotaxi/zoox-headcount-grows-as-amazons-self-driving-unit-expands-testing-in-vegas-idUSL4N38I3PK
3,technologySector,UPDATE 1-Safaricom appoints new CEO for its Ethiopia business,JUN 27 2023,"Safaricom has appointed Wim Vanhelleputte as chief executive officer of its Ethiopia business from September, an internal memo seen by Reuters on Tuesday showed.","Vanhelleputte, who joins from South Africa's MTN Group where he served in various roles over the years, including as chief executive of MTN Uganda, will replace Anwar Soussa, who will leave his post at the end of next month.The Belgian national will be in charge of delivering the company's ambitious growth targets in the vast market where it started operations last year.Apart from signing on new subscribers, Safaricom is also introducing its M-Pesa financial services in the next few months, after securing a financial licence in May.The memo announcing Vanhelleputte's appointment was signed by group CEO Peter Ndegwa.Our Standards: The Thomson Reuters Trust Principles.",https://www.reuters.com/article/safaricom-ethiopia/update-1-safaricom-appoints-new-ceo-for-its-ethiopia-business-idUSL1N38J1K2
4,technologySector,UPDATE 1-ACI Worldwide fined $25 mln for multibillion-dollar mortgage payment 'fiasco',JUN 27 2023,The top U.S. consumer finance watchdog on Tuesday said it had fined the Nebraska payment processor ACI Worldwide $25 million for improperly processing more than $2 billion in mortgage payment transactions without customer authorization.,"The transactions occurred in April 2021 and affected nearly 500,000 homeowners with mortgages serviced by Mr. Cooper, exposing many to overdraft and insufficient funds fees, according to the Consumer Financial Protection Bureau.""The CFPB's investigation found that ACI perpetrated the 2021 Mr. Cooper mortgage fiasco that impacted homeowners across the country,"" CFPB Director Rohit Chopra said in a statement, adding that customer accounts had since been fixed but that the agency was penalizing the company for inconveniencing hundreds of thousands of borrowers.ACI Worldwide consented to the CFPB order without admitting or denying responsibility.In a statement, the company said the erroneous transactions had occurred after it took control of a newly acquired electronic payments platform and that consumer funds and data were safe at all times. A consumer class action over the incident had been settled last month, it said.According to the CFPB, during a test of the payments platform in April 2021, ACI improperly used actual consumer data, rather than dummy data, which illegally initiated more than $2.3 billion in payments.At one bank, more than 60,000 accounts were debited more than $330 million the following morning, with about 7,300 account balances reduced by more than $10,000.Our Standards: The Thomson Reuters Trust Principles.",https://www.reuters.com/article/usa-cfpb-aci-fines/update-1-aci-worldwide-fined-25-mln-for-multibillion-dollar-mortgage-payment-fiasco-idUSL1N38J1GD
5,technologySector,UPDATE 1-Faraday Future investors commit $90 million in funding,JUN 27 2023,"Faraday Future Intelligent Electric has received $90 million in funding commitment from its existing investors, the electric-vehicle startup said on Tuesday, sending its shares up about 5%.","The funding will be led by private equity ATW Partners, with participation from Senyun International, and will support the production and delivery of FF 91 EV, its much-delayed luxury electric sports utility vehicle.The company, which had last year raised going-concern doubts, said its investors will also speed up the $15 million funding commitment made earlier.The production of FF 91 began in March in its California factory although there are concerns over potential delays in delivery.The funding support comes as peer EV start-up Lordstown Motors (RIDE.O) filed for bankruptcy protection and sued investor-partner Foxconn for failing to keep certain contractual promises.Faraday Future too has been struggling with a cash crunch and a governance dispute with one of its largest shareholders, FF Top Holding, which resulted in a board reshuffle.The company, which had last month announced plans to raise $100 million in debt, said in an exchange filing that it will continue to look for additional funding sources.Our Standards: The Thomson Reuters Trust Principles.",https://www.reuters.com/article/faraday-futures-funding/update-1-faraday-future-investors-commit-90-million-in-funding-idUSL4N38J30O
6,technologySector,Apple fails to end lawsuit over China sales comment by CEO Cook,JUN 27 2023,A U.S. judge has rejected Apple's bid to throw out a class-action lawsuit that accused Chief Executive Tim Cook of defrauding shareholders by concealing falling demand for iPhones in China.,"U.S. District Judge Yvonne Gonzalez Rogers' decision late Monday night clears the way for shareholders led by a British pension fund to sue over a one-day plunge that wiped out $74 billion of Apple's market value.The lawsuit stemmed from Cook's comment on a Nov. 1, 2018, analyst call that while Apple faced sales pressure in markets such as Brazil, India, Russia and Turkey, where currencies had weakened, ""I would not put China in that category.""Apple told suppliers a few days later to curb production, and on Jan. 2, 2019, unexpectedly slashed its quarterly revenue forecast by up to $9 billion, blaming U.S.-China trade tensions.The lowered revenue forecast was Apple's first since the iPhone's launch in 2007, and the Cupertino, California-based company's shares fell 10% the next day.Judge Rogers, based in Oakland, California, said jurors could reasonably infer that Cook was discussing Apple's sales outlook in China, not past performance or the impact of currency changes.The judge also said that prior to Cook's comment, Apple knew China's economy had been slowing and had data suggesting that demand could fall.""A reasonable jury could find that failure to disclose these risks caused plaintiff's harm,"" Rogers wrote.Apple and its lawyers did not respond on Tuesday to requests for comment.Shawn Williams, a lawyer for the shareholders, said: ""We are pleased with the ruling and look forward to presenting the facts to a jury.""The lead plaintiff is the Norfolk County Council as Administering Authority of the Norfolk Pension Fund, located in Norwich, England.Apple's share price has approximately quintupled since January 2019, giving the company a market value near $3 trillion.The case is In re Apple Inc Securities Litigation, U.S. District Court, Northern District of California, No. 19-02033.Our Standards: The Thomson Reuters Trust Principles.",https://www.reuters.com/article/apple-china-decision/apple-fails-to-end-lawsuit-over-china-sales-comment-by-ceo-cook-idUSL1N38J18O
7,technologySector,ACI Worldwide fined $25 mln for multibillion-dollar mortgage payment 'fiasco',JUN 27 2023,The top U.S. consumer finance watchdog on Tuesday said it had fined the Nebraska payment processor ACI Worldwide $25 million for improperly processing more than $2 billion in mortgage payment transactions without customer authorization.,"The transactions occurred in April 2021 and affected nearly 500,000 homeowners with mortgages serviced by Mr. Cooper, exposing many to overdraft and insufficient funds fees, according to the Consumer Financial Protection Bureau.""The CFPB's investigation found that ACI perpetrated the 2021 Mr. Cooper mortgage fiasco that impacted homeowners across the country,"" CFPB Director Rohit Chopra said in a statement, adding that customer accounts had since been fixed but that the agency was penalizing the company for inconveniencing hundreds of thousands of borrowers.ACI Worldwide consented to the CFPB order without admitting or denying responsibility.In a statement, the company said the erroneous transactions had occurred after it took control of a newly acquired electronic payments platform and that consumer funds and data were safe at all times. A consumer class action over the incident had been settled last month, it said.According to the CFPB, during a test of the payments platform in April 2021, ACI improperly used actual consumer data, rather than dummy data, which illegally initiated more than $2.3 billion in payments.At one bank, more than 60,000 accounts were debited more than $330 million the following morning, with about 7,300 account balances reduced by more than $10,000.Our Standards: The Thomson Reuters Trust Principles.",https://www.reuters.com/article/usa-cfpb-aci-fines/aci-worldwide-fined-25-mln-for-multibillion-dollar-mortgage-payment-fiasco-idUSL1N38J1EF
8,technologySector,"US STOCKS-Wall Street rises after upbeat economic data, recovery in megacaps",JUN 27 2023,"U.S. stock indexes rose on Tuesday, as megacap stocks recovered and upbeat capital goods orders data allayed concerns about a slowing U.S. economy in the face of Federal Reserve's aggressive interest rate hikes.","Separate reports showed new orders for key U.S.-manufactured capital goods unexpectedly rose in May, and sales of new single-family homes surged in the same month, while U.S. consumer confidence increased to a near 1-1/2 year high in June.The data gave investors a reason to buy back into stocks after a ""pretty vicious correction"" in the last several sessions, said Mark Luschini, chief investment strategist at Janney Montgomery Scott in Philadelphia.""What we have today is this series of economic releases that on balance fit this setting of an economy that continues to be in an expansionary mode, without at the same time suggesting there's any condition that's running too hot.""And just days before the second quarter ends, Luschini said it was notable that some the top sector performers on Tuesday, such as consumer discretionary (.SPLRCD) and technology (.SPLRCT), were also the market's biggest gainers on a year-to-date basis.While the economic data was encouraging, Rhys Williams, chief strategist at Spouting Rock Asset Management, said the market was likely helped by so-called window-dressing, when fund managers add outperforming assets to their portfolio for their quarter-end statements.""You'd a bad week in the stock market last week and a bad day on Monday. It's just a bit of recovery,"" said Williams. ""There could be some quarter-end window-dressing too as we get close to the end of the quarter.""The blue-chip Dow Jones Industrial Average (.DJI) snapped a six-day losing streak on Tuesday while the tech-heavy Nasdaq Composite (.IXIC) was eyeing its best first-half performance in 40 years and the S&P 500 (.SPX) advanced after falling in five of the last six sessions.The Dow Jones Industrial Average (.DJI) rose 212.03 points, or 0.63%, to 33,926.74; the S&P 500 (.SPX) gained 49.59 points, or 1.15%, at 4,378.41; and the Nasdaq Composite (.IXIC) added 219.90 points, or 1.65%, at 13,555.67.The signs of U.S. economic resilience also boosted the Dow Transports index (.DJT), which closed up 2.7% and the small-cap Russell 2000 index (.RUT), which advanced 1.5%.And the PHLX Housing index (.HGX) closed up 2.99% after hitting an all-time high on Tuesday.Traders were pricing in a roughly 77% chance the Fed will raise interest rates by 25 bps to the 5.25%-5.50% range in its July meeting, according to CME Group's Fedwatch tool, up from 74.4% a day earlier.More economic data is expected this week, including a key inflation measure, as well as Fed Chair Jerome Powell's speech at the European Central Bank Forum in Sintra, Portugal, which could provide cues on the path of interest rates.Powell's hawkish comments last week stalled a U.S. stock rally that had pushed the S&P 500 and Nasdaq to an over one-year high and the Dow to a six-month peak.Despite recent market weakness, a growth stocks rally, an upbeat earnings season and hopes of the Fed ending its monetary tightening soon have set the main indexes on course for quarterly gains.Market heavyweights Microsoft Corp (MSFT.O) and Apple Inc (AAPL.O) were among the biggest boosts to the S&P 500 during the session, along with Amazon.com Inc (AMZN.O), Tesla Inc (TSLA.O) and Nvidia Corp (NVDA.O).Meta Platforms Inc (META.O) shares rose 3% after Citigroup raised its price target on the stock.Snowflake (SNOW.N) climbed 4.2% after the cloud data analytics company announced a partnership with Nvidia to allow customers to build artificial intelligence models using their own data.Walgreens Boots Alliance (WBA.O) shares sank 9.3% as the pharmacy chain cut its annual profit forecast on lower demand for COVID-19 tests and vaccines.Other drugstore chains, including CVS Health Corp (CVS.N) and Rite Aid Corp (RAD.N), also fell.Lordstown Motors Corp (RIDE.O) shares slumped 17.2% after the U.S. electric truck manufacturer filed for bankruptcy protection and put itself up for sale.Advancing issues outnumbered decliners on the NYSE by a 2.55-to-1 ratio; on Nasdaq, a 1.54-to-1 ratio favored advancers.The S&P 500 posted 46 new 52-week highs and one new low; the Nasdaq Composite recorded 64 new highs and 150 new lows.On U.S. exchanges 10.16 billion shares changed hands compared with the 11.63 billion average for the last 20 sessions.",https://www.reuters.com/article/usa-stocks/us-stocks-wall-street-rises-after-upbeat-economic-data-recovery-in-megacaps-idUSL4N38J31T
