,Topic,News Headline,News Date,News Summary,Full News Article,URL
0,technologySector,"Russian rouble edges up, Yandex shares hit over 1-year high",MAY 22 2023,"The Russian rouble firmed marginally on Monday, overcoming lower oil prices to move back past the 80 mark against the dollar on the promise of increased supply of foreign currency as exporters prepare for tax payments.",,https://www.reuters.com/article/russia-markets/russian-rouble-edges-up-yandex-shares-hit-over-1-year-high-idUSL1N37J0EG
1,technologySector,European stocks muted as US debt ceiling concerns weigh,MAY 22 2023,"European stocks were largely unchanged at open on Monday, as concerns about a U.S. debt ceiling deal and outlook for U.S. and European monetary policies weighed on sentiment after a strong run in several of the region's markets.","The pan-European STOXX 600 index (.STOXX) was largely unchanged, after touching a more than one-year high on Friday. Germany's blue-chip DAX (.GDAXI) dropped 0.3% after hitting an all-time high in the prior session.President Joe Biden and top congressional Republican Speaker Kevin McCarthy were set to meet on Monday to discuss raising the federal government's debt ceiling, just 10 days before the United States could face an unprecedented default.""There's always the risk that despite the positive developments, those negotiations might fall apart at the last minute and that's what markets are concerned about,"" said Andrea Cicione, head of research at TS Lombard.Meanwhile, French ECB policymaker Francois Villeroy de Galhau noted that European Central Bank interest rate hikes are likely to peak out by summer's end, but the issue was how long rates remained elevated rather than the exact level.On the other hand, ECB Chief Economist Philip Lane flagged that the central bank's policy was effective and investors appeared to remain confident in the bank's ability to bring inflation back to its 2% target.On the data front, euro zone consumer confidence rose by 0.1 point in May from the previous month.European chip stocks were unfazed by China's move to bar U.S. firm Micron Technology Inc (MU.O) from selling memory chips to key domestic industries.Shares of STMicroelectronics NV <STMPA.PA> and ASM International NV (ASMI.AS) were up 0.7% and 1.9%, respectively.""Although the news is negative for sector sentiment given that China represents between 10% and 40% of sales for most companies..., we cannot make a general statement as U.S. memories are fungible with Korean ones (Samsung, Hynix) while other products are not,"" Equita analysts wrote in a note.Greek government bond prices outperformed their peers on Monday as investors welcomed the outcome of a national election they expect will lead to a continuation of policies supporting economic growth and declining debt.Among single stocks, Dechra Pharmaceuticals (DPH.L) tanked 13% to the bottom of the STOXX 600 on expectations that annual profit would be below its prior forecast, amid a volatile environment and ongoing de-stocking by its wholesalers.Ryanair (RYA.I) rose 1.3% as CEO Michael O'Leary aims to boost the budget airline's profit by 10% this year after almost record earnings for its last financial year. He said Ryanair might do better if rival airlines' ""irrationally exuberant"" summer fare forecasts were correct.Novo Nordisk A/S (NOVOb.CO) climbed 2.6% after a late-stage trial of an oral version of its drug semaglutide for weight loss showed statistically significant and superior weight loss when compared to a placebo.Our Standards: The Thomson Reuters Trust Principles.",https://www.reuters.com/article/europe-stocks/european-stocks-muted-as-us-debt-ceiling-concerns-weigh-idUSL4N37J1GV
2,technologySector,Micron Technology Frankfurt-listed shares down 6% after China ban,MAY 22 2023,Frankfurt-listed shares in Micron Technology fell 6% in thin early morning deals on Monday after Beijing banned the U.S. firm from selling memory chips to key domestic industries.,,https://www.reuters.com/article/micron-stocks/micron-technology-frankfurt-listed-shares-down-6-after-china-ban-idUSL8N37J128
3,technologySector,South Korean shares hit one-month high on U.S. debt deal hopes,MAY 22 2023,Round-up of South Korean financial markets:,,https://www.reuters.com/article/southkorea-markets-close/south-korean-shares-hit-one-month-high-on-u-s-debt-deal-hopes-idUSP8N35H05J
4,technologySector,"Nvidia chips away at Intel, AMD turf in supercomputers",MAY 22 2023,Nvidia Corp on Monday said it has worked with the U.K.'s University of Bristol to build a new supercomputer using a new Nvidia chip that would compete with Intel Corp and Advanced Micro Devices Inc.,"Nvidia is the world's top maker of graphics processing units (GPUs), which are in high demand because they can be used to speed up artificial intelligence work. OpenAI's ChatGPT, for example, was created with thousands of Nvidia GPUs.But Nvidia's GPU chips are typically paired with what is called a central processing unit (CPU), a market that has been dominated by Intel and AMD for decades. This year, Nvidia has started shipping its own competing CPU chip called Grace, which is based on technology from SoftBank Group Corp-owned (9984.T) Arm Ltd.At a supercomputing conference in Germany on Monday, Nvidia said it has worked with British researchers and Hewlett Packard Enterprise Co (HPE.N) to build a computer called Isambard 3, which is based entirely on its Grace CPU chips and has none of Nvidia's GPUs. The University of Bristol system will be used for climate science and drug discovery research, among other things.""What's exciting is the whole thing is operating on 270 kilowatts of power. That's actually six times more performance and energy efficiency than the university's previous system, Isambard 2,"" Ian Buck, general manager and vice president of accelerated computing at Nvidia, said during a press briefing.Our Standards: The Thomson Reuters Trust Principles.",https://www.reuters.com/article/nvidia-supercomputing/nvidia-chips-away-at-intel-amd-turf-in-supercomputers-idUSL1N37I0CB
5,technologySector,"US will work with allies to address chip market ""distortions"" after China fails Micron's products",MAY 21 2023,"The United States said it would work with allies to address ""distortions of the memory chip market caused by China’s actions"" after China's cyberspace regulator announced products made by memory chipmaker Micron failed its network security review.",,https://www.reuters.com/article/micron-tech-china-commerce/us-will-work-with-allies-to-address-chip-market-distortions-after-china-fails-microns-products-idUSS0N37D0E0
6,technologySector,South Korean shares rise with U.S. debt ceiling talks in focus,MAY 21 2023,Round-up of South Korean financial markets:,,https://www.reuters.com/article/southkorea-markets-midday/south-korean-shares-rise-with-u-s-debt-ceiling-talks-in-focus-idUSL1N37J03R
7,technologySector,"US will work with allies to address chip market ""distortions"" after China fails Micron's products",MAY 21 2023,"The United States said it would work with allies to address ""distortions of the memory chip market caused by China’s actions"" after China's cyberspace regulator announced products made by memory chipmaker Micron failed its network security review.",,https://www.reuters.com/article/micron-tech-china-commerce/us-will-work-with-allies-to-address-chip-market-distortions-after-china-fails-microns-products-idUSS0N37D0E0
8,technologySector,South Korean shares rise with U.S. debt ceiling talks in focus,MAY 21 2023,Round-up of South Korean financial markets:,,https://www.reuters.com/article/southkorea-markets-midday/south-korean-shares-rise-with-u-s-debt-ceiling-talks-in-focus-idUSL1N37J03R
9,technologySector,Chinese chipmakers' shares rise after China fails Micron in security review,MAY 21 2023,Shares in some Chinese memory chipmaking-related companies opened up on Monday after China failed Micron Technology in a security review.,"China's cyberspace regulator said on Sunday that products made by Micron had failed its network security review, and it would bar operators of key infrastructure from buying from the company.China's memory chipmaking-related firms gigadevice semiconductors (603986.SS), ingenic semiconductor (300223.SZ), shenzhen kaifa technology (000021.SZ) opened up between 3% and 8%.Our Standards: The Thomson Reuters Trust Principles.",https://www.reuters.com/article/micron-tech-china-stocks/chinese-chipmakers-shares-rise-after-china-fails-micron-in-security-review-idUSB9N36700P
