,Topic,News Headline,News Date,News Summary,Full News Article,URL
0,technologySector,China's Xiaomi says opposed to Ukraine adding it to 'international sponsors of war' list,APR 14 2023,"Chinese tablet and phone maker Xiaom said on Friday it strongly opposed Ukraine adding the company to the ""international sponsors of war"" list.",,https://www.reuters.com/article/china-xiaomi-ukraine/chinas-xiaomi-says-opposed-to-ukraine-adding-it-to-international-sponsors-of-war-list-idUSB9N35U01A
1,technologySector,SoftBank Group seeks $1.7 bln from hybrid retail bond issue in Japan,APR 14 2023,SoftBank Group Corp said on Friday it plans to raise 222 billion yen ($1.7 billion) in a hybrid yen-denominated 35-year bond issue that will be sold mostly to retail investors.,,https://www.reuters.com/article/softbank-group-bonds/softbank-group-seeks-1-7-bln-from-hybrid-retail-bond-issue-in-japan-idUSL4N36H17X
2,technologySector,"S. Korean shares end higher, post fifth weekly gain as inflation eases",APR 14 2023,Round-up of South Korean financial markets:,,https://www.reuters.com/article/southkorea-markets-close/s-korean-shares-end-higher-post-fifth-weekly-gain-as-inflation-eases-idUSS6N363024
3,technologySector,Japan's Nikkei rallies for sixth day on Uniqlo-owner Fast Retailing's boost,APR 14 2023,"Japan's Nikkei share average rallied for a sixth straight session on Friday, its longest winning streak since July, as the benchmark index was buoyed by advances on Wall Street overnight and a surge in Uniqlo-owner Fast Retailing.",,https://www.reuters.com/article/japan-stocks-close/japans-nikkei-rallies-for-sixth-day-on-uniqlo-owner-fast-retailings-boost-idUSL1N36H0B0
4,technologySector,"COLUMN-Europe rides dodged downturn, defensives and dollar: Mike Dolan",APR 14 2023,"After more than a decade of underperformance, European stocks racing ahead of Wall Street peers still requires a double take - but some think we may need to get used to it.","In all the hubbub about inflation, interest rates, banks and recession, the most eye-catching move of the week was probably the bluest of Europe's blue-chip stock indexes hitting 22-year highs.That exceeds the 2007 peak seen just before the financial crash 15 years ago and leaves the STOXX Europe 50 (.STOXX50) - a Europe-wide index that includes British and Swiss big caps as well as euro zone stocks - clocking its best levels since the euro first hit the streets in 2001.France's CAC40 (.FCHI) - driven by surging luxury goods stocks such as LVMH (LVMH.PA), L'Oreal (OREP.PA) and Hermes (HRMS.PA) that benefit from China's reopening - went one better and notched a new record high.Although the main euro indexes (.STOXXE) already did better than the U.S. benchmark S&P500 (.SPX) during a dire 2022 for all bourses, this year is different as investors move tentatively back into stocks more generally - but with different priorities to the immediate post-pandemic boom or even the past decade.The most recent global fund manager survey by Bank of America still had a net 27% of respondents underweight equities in March - two standard deviations below historical averages. But at the same time they were more bullish on euro zone versus U.S. stocks than at any time since 2017.Over the past 12 months, the STOXX Europe 50 and CAC40 have outstripped the S&P 500 (.SPX) by 16% and 24%, respectively, in dollar terms and the euro stocks 600 has been ahead by almost 17%. And they are all 6-12% ahead of the S&P 500 so far in 2023.Aside from the macro relief of the euro zone avoiding a winter recession - as warm weather defused the Ukraine-related energy shock - several other factors are at work.Underweight funds are returning rather gingerly to equity following 2022's rout and many are desperately seeking ""value"" in regions priced more cheaply than what's still considered to be historically expensive Wall St indices.MSCI's Europe index, for example, still trades more than a point below its average historic valuation - with the index priced at less than 13 times its 12-month forward earnings. At more than 18 times, by contrast, MSCI USA still trades more than 2 points above its equivalent.""The risk factor that had been associated with holding European shares is diminishing and this is allowing investment decisions to be made based more on fair value plays,"" noted Equiti Capital economist Stuart Cole.But beyond the historical value play, persistent uncertainty about global growth and earnings outlooks also means there is a preference by many asset managers for defensive ""recession- proof"" or ""quality"" big-cap stocks with decent dividends.And on that score Europe-wide indexes start to outshine what for years was seen as the unassailable leadership of U.S. Big Tech.The top sectoral weighting in the STOXX Europe 50, for example, is healthcare - at almost 23%. The top weighting in the S&P 500 is information technology at 26%, while financials dominate the narrower Dow Jones Industrial Average (.DJI) with a 20% share of that index.With British-based stocks the biggest country weighting in the STOXX Europe index at 26%, the other top four sectors in the index include the food, beverages and tobacco grouping, consumer products, industrial goods and energy.And at 3.2%, the dividend yield on that index is twice that of the S&P 500 and higher than the 2.3% on the Dow Jones.While some may see this as yet another seasonal and temporary fad as markets churn and asset managers rotate from theme to theme, others argue a more durable shift is afoot.The geopolitical and global trade fragmentation of the past three years, with the prospect of ""reshoring"" of manufacturing and a remapping of domestic supply chains, all underline a longer-term rethink of production over intellectual property, some argue.Or as one hedge fund manager put it recently: ""Stuff, rather than intangibles, is back.""And finally there is the currency play - where the falling dollar is making European assets more attractive to U.S. investors and the related transatlantic flow reinforces that exchange rate move into the bargain.The dollar peaked late last year against most European currencies as the Federal Reserve raced to ratchet up interest rates. But it has retreated precipitously since as the Fed campaign nears its likely end point next month.The euro hit its highest level in more than a year this week, sterling its highest in 10 months and the Swiss franc the highest in two years.Can that continue? Some think the slide in the dollar index of some 12% since last September is barely half of the whole move.Stephen Jen at Eurizon SLJ thinks both the Fed and the European Central Bank may already be past ""peak hawkishness"" and rate cuts are coming soon. But that environment of disinflation and falling interest rates will be hugely negative for the buck.",https://www.reuters.com/article/global-europe/column-europe-rides-dodged-downturn-defensives-and-dollar-mike-dolan-idUSL8N36G5JK
5,technologySector,Japan's Nikkei rallies for sixth day on Uniqlo-owner Fast Retailing's boost,APR 13 2023,"Japan's Nikkei share average rallied for a sixth straight session on Friday, its longest winning streak since July, as the benchmark index was buoyed by advances on Wall Street overnight and a 9% surge in Uniqlo-owner Fast Retailing.",,https://www.reuters.com/article/japan-stocks-midday/japans-nikkei-rallies-for-sixth-day-on-uniqlo-owner-fast-retailings-boost-idUSL1N36H065
6,technologySector,UPDATE 5-No shield for Trump in rape accuser's case as court declines to rule,APR 13 2023,"A Washington, D.C., appeals court on Thursday declined to shield Donald Trump from the first of two civil defamation lawsuits by E. Jean Carroll, a writer who said the former U.S. president raped her nearly three decades ago.","The district's highest local court, the Court of Appeals, said it did not have enough facts to decide whether Trump deserved immunity, after he accused the former Elle magazine columnist in June 2019 of lying about the alleged encounter.A ruling that Trump was acting as president, and not in his personal capacity, would have immunized him and doomed Carroll's first lawsuit because the government could substitute itself as the defendant, and the government cannot be sued for defamation.The court sent the case back to the 2nd U.S. Circuit Court of Appeals in Manhattan, which had last September asked the Washington court for guidance on local law.Lawyers for Carroll had no immediate comment.Alina Habba, a lawyer for Trump, said in an email: ""We are confident that the Second Circuit will rule in President Trump's favor and dismiss Ms. Carroll's case.""Thursday's decision does not affect Carroll's second lawsuit, where an April 25 trial is scheduled in Manhattan federal court.That case also includes a battery claim under a New York law that lets sexual abuse survivors sue their alleged attackers even if statutes of limitations have run out.Trump wants to postpone the trial at least until May 23, saying ""prejudicial media coverage"" of Manhattan District Attorney Alvin Bragg's recent criminal case against him would leave that case ""top of mind"" for most prospective jurors.His lawyers said a delay was also needed after they belatedly learned from Carroll's legal team that Reid Hoffman, the billionaire co-founder of LinkedIn and a prominent Democratic donor, was footing some of her legal bills.They said that raised the question of whether Carroll sued Trump, a Republican, to advance a political agenda.In an order late Thursday, U.S. District Judge Lewis Kaplan in Manhattan refused to delay the trial, but said Trump could gather more information about Hoffman's role and Carroll's understanding of it.The judge did not address whether Bragg's case jeopardized Trump's right to a fair trial in Carroll's case.Carroll, 79, has long accused Trump of stalling to keep jurors from ever hearing her case.Both of Carroll's lawsuits stem from her alleged encounter with Trump in late 1995 or early 1996 in a Bergdorf Goodman department store in Manhattan.Carroll has said Trump asked for her help in buying a gift for another woman, but later ""maneuvered"" her into and sexually assaulted her in a dressing room.After Carroll described the incident in a June 2019 New York magazine excerpt from her memoir, Trump told a reporter at the White House that he did not know Carroll, that ""she's not my type,"" and that she concocted the rape claim to sell her book.He largely repeated his denial in October 2022, when he called the rape claim a ""hoax,"" ""lie,"" ""con job"" and ""complete scam"" on his Truth Social media platform.The Washington appeals court said that in deciding whether people act in the scope of their employment, the district generally looks to whether they are motivated by a purpose to serve their employer around the time they acted.Chief Judge Anna Blackburne-Rigsby said determining what was on Trump's mind when he first talked about Carroll was a ""fact-intensive question"" that ""cannot be resolved as a matter of law in either party's favor on the record before us.""At trial, Carroll is expected to introduce testimony from two women who have said Trump sexually assaulted them, and a 2005 ""Access Hollywood"" tape of Trump making vulgar comments about women that threatened to upend his 2016 White House run.On April 4, Trump pleaded not guilty to 34 felony charges of falsifying business records in an indictment filed by Bragg, related to a hush money payment to porn star Stormy Daniels.The case is Trump et al v. Carroll, District of Columbia Court of Appeals, No. 22-SP-0745.Our Standards: The Thomson Reuters Trust Principles.",https://www.reuters.com/article/usa-trump-defamation-lawsuit/update-5-no-shield-for-trump-in-rape-accusers-case-as-court-declines-to-rule-idUSL1N36G1ET
7,technologySector,"Google must face trial over Sonos patents, California judge says",APR 13 2023,"Alphabet's Google received a mixed ruling on Thursday from a San Francisco federal judge in a patent lawsuit brought by Sonos Inc over wireless audio technology, failing to invalidate all of the patents before a trial but narrowing Sonos' claims.","The case, set for trial May 8, is part of a contentious intellectual property dispute between the former business partners over their smart speakers that includes lawsuits in the United States, Canada, France, Germany and the Netherlands.Sonos won a limited import ban on some Google devices from the U.S. International Trade Commission (ITC) last year, while Google has sued Sonos for patent infringement at the ITC and in California.Google spokesperson José Castañeda said in a statement the company appreciated the decision to invalidate one of Sonos' patents and that Sonos ""misrepresented our partnership and mischaracterized our technology.""A Sonos spokesperson said in a statement the company looks forward to ""once again demonstrating Google's widespread infringement"" at trial.Sonos said Google stole its technology to use in products like Chromecast Audio and Google Home after working together to integrate Google's streaming music service into the Sonos ecosystem. Google has countered that Sonos copied its technology after their collaboration.Sonos accused Google in the San Francisco case of infringing four patents related to multi-room wireless speaker technology. U.S. District Judge William Alsup previously invalidated one of the patents and determined Google infringed another.Alsup found Thursday that a second Sonos patent was also invalid, but rejected Google's request to cancel the remaining two patents before trial. The judge also said Google did not infringe one of the surviving patents willfully, reducing Sonos' potential damages.Alsup also said he would hold a separate bench trial after the jury trial to determine whether Google's redesigned speakers infringe Sonos' patents.Our Standards: The Thomson Reuters Trust Principles.",https://www.reuters.com/article/google-sonos-lawsuit/google-must-face-trial-over-sonos-patents-california-judge-says-idUSL1N36G31A
8,technologySector,"Google must face trial over Sonos patents, California judge says",APR 13 2023,"Alphabet's Google received a mixed ruling on Thursday from a San Francisco federal judge in a patent lawsuit brought by Sonos Inc over wireless audio technology, failing to invalidate all of the patents before a trial but narrowing Sonos' claims.","The case, set for trial May 8, is part of a contentious intellectual property dispute between the former business partners over their smart speakers that includes lawsuits in the United States, Canada, France, Germany and the Netherlands.Sonos won a limited import ban on some Google devices from the U.S. International Trade Commission (ITC) last year, while Google has sued Sonos for patent infringement at the ITC and in California.Google spokesperson José Castañeda said in a statement the company appreciated the decision to invalidate one of Sonos' patents and that Sonos ""misrepresented our partnership and mischaracterized our technology.""A Sonos spokesperson said in a statement the company looks forward to ""once again demonstrating Google's widespread infringement"" at trial.Sonos said Google stole its technology to use in products like Chromecast Audio and Google Home after working together to integrate Google's streaming music service into the Sonos ecosystem. Google has countered that Sonos copied its technology after their collaboration.Sonos accused Google in the San Francisco case of infringing four patents related to multi-room wireless speaker technology. U.S. District Judge William Alsup previously invalidated one of the patents and determined Google infringed another.Alsup found Thursday that a second Sonos patent was also invalid, but rejected Google's request to cancel the remaining two patents before trial. The judge also said Google did not infringe one of the surviving patents willfully, reducing Sonos' potential damages.Alsup also said he would hold a separate bench trial after the jury trial to determine whether Google's redesigned speakers infringe Sonos' patents.Our Standards: The Thomson Reuters Trust Principles.",https://www.reuters.com/article/google-sonos-lawsuit/google-must-face-trial-over-sonos-patents-california-judge-says-idUSL1N36G31A
9,technologySector,"UPDATE 1-Walmart to sell menswear brand Bonobos to Express, WHP Global for $75 million",APR 13 2023,"Walmart Inc is selling menswear brand Bonobos to Express Inc and WHP Global for $75 million, a far lower price than what it paid nearly six years ago.","Bonobos, which Walmart acquired for $310 million in June 2017, sells menswear ranging from suits and trousers to swimwear online.The deal marks the first acquisition since brand management firm WHP Global, which owns Toys ""R"" Us and fashion labels such as Anne Klein, partnered with Express earlier this year and took a 7.4% stake in the clothing retailer.WHP Global will acquire the Bonobos brand for $50 million, while Express will acquire the operating assets and assume related liabilities of the Bonobos business for $25 million, the companies said on Thursday.Shares of Columbus, Ohio-based Express rose about 22% to 82 cents in extended trading.While Walmart purchased Bonobos in a bid to build a cachet of upmarket online brands and attract young shoppers, the retail giant struggled to make the brand profitable and laid off dozens of employees in 2019.Walmart has more recently concentrated on building out alternative revenue streams such as advertising and delivery than adding brands to its assortment.""We're now in a phase that is less about scaling... eCommerce assortment... and more about execution and operating margin improvement,"" Walmart CEO Doug McMillon said at its investor meeting last week.Express in March reported a 14% fall in fourth-quarter sales at $514.3 million, hit by weakness in its women's business. Meanwhile, its men apparel division posted a record year, gaining market share in denim, knitwear and chinos categories.The deal is expected to close in the second quarter, following which WHP and Express will enter into an exclusive license agreement, giving Express the right to use the intellectual property acquired by WHP to run the Bonobos business.Our Standards: The Thomson Reuters Trust Principles.",https://www.reuters.com/article/bonobos-ma-express/update-1-walmart-to-sell-menswear-brand-bonobos-to-express-whp-global-for-75-million-idUSL4N36G458
