,Topic,News Headline,News Date,News Summary,Full News Article,URL
0,worldNews,UN refugee chief calls for return to peacemaking to stem flows,JUN 20 2023,"The world needs to rediscover its ability to bring peace to various trouble spots in order to curb the growing flow of refugees, the head of the United Nations Refugee Agency (UNHCR) said on Tuesday.","There are 110 million displaced people around the world, up from 103 million last year and half that number a decade ago.""The U.N. Security Council, the main international body for peace and security, is broken. They cannot agree on anything,"" the U.N.'s High Commissioner for Refugees Filippo Grandi told Reuters in the Kenyan capital.""So we need to restore that capacity to lead, to drive peace because that is the only way we can address these flows.""A group of diplomats, former statesmen and U.N. officials began seeking political backing for a peacemaking framework earlier this year to shape new standards for resolving conflicts.Among the drivers behind the higher numbers of refugees, which include the internally displaced, is the conflict in Sudan, where rival military factions are battling each other.""Today, right on World Refugee Day, we passed this horrible mark of 500,000 refugees from Sudan,"" Grandi said.Donors pledged $1.5 billion to help the Sudanese refugees at a conference on Monday.Some of the cash will be used to help 100,000 Sudanese refugees in neighbouring Chad whose camps are threatened by the onset of the rain season, the high commissioner said.""It is a very desperate race against time,"" he added.He called for a more sustainable solution like a meaningful ceasefire.""If the fighting doesn't stop, this is just the beginning. We will need much more than $1.5 billion, unfortunately,"" he said.Other reasons for the higher number of refugees include the conflicts in Ukraine, eastern Democratic Republic of Congo, Afghanistan and the Sahel.Challenges emanating from climate change are also forcing people to move, Grandi said, calling for a multilateral approach to tackling the climate crisis.""The time for working country by country is over,"" he said.Our Standards: The Thomson Reuters Trust Principles.",https://www.reuters.com/article/un-refugees/un-refugee-chief-calls-for-return-to-peacemaking-to-stem-flows-idUSKBN2Y6113
1,worldNews,"Uruguay declares water emergency, sets tax exemption for bottled water",JUN 20 2023,"Uruguay President Luis Lacalle Pou declared a state of emergency in the capital Montevideo because of a water shortage, enacting measures such as tax exemptions for bottled water and the construction of a reservoir.","The South American country is experiencing its worst drought in 74 years, which has drained Montevideo's main reservoir. Reports of shortages first began in early May.The construction of the water system will start on Tuesday and will take 30 days at most, the president said in a press conference late on Monday.Water supply is guaranteed in hospitals, residential homes, child and family care centers, according to the president.The government also said it would deliver two liters of free water per day to some 21,000 beneficiaries of a program.Our Standards: The Thomson Reuters Trust Principles.",https://www.reuters.com/article/uruguay-water/uruguay-declares-water-emergency-sets-tax-exemption-for-bottled-water-idUSKBN2Y610F
2,worldNews,Pakistan court issues non-bailable arrest warrants against ex-PM Imran Khan - ARY News,JUN 20 2023,"An anti-terrorism court in Pakistan has issued non-bailable arrest warrants against former Prime Minister Imran Khan, ARY News reported on Tuesday.",Our Standards: The Thomson Reuters Trust Principles.,https://www.reuters.com/article/pakistan-politics-khan/pakistan-court-issues-non-bailable-arrest-warrants-against-ex-pm-imran-khan-ary-news-idUSKBN2Y610D
3,worldNews,Slovak president Caputova will not seek second term in election next year,JUN 20 2023,"(Reuters) -Slovak President Zuzana Caputova, a liberal voice in the European Union country's polarised politics, will not seek reelection for a second term next year, she said on Tuesday.","The former human rights lawyer won her first five-year term in 2019 and has been a strong voice in favour of European integration, minority rights and a supporter of neighbouring Ukraine in its defence against Russia.On Tuesday, she said she had to estimate her strength to take on another term.""With my decision not to run, I am not giving up the ideal and trust in values that I have dedicated my professional and personal life to,"" she said.""I tried to help democracy and justice in Slovakia before my presidential mandate, during it, and I will do so after.""Caputova's announcement may prompt other potential candidates to declare they will run. So far, several largely fringe figures have declared interest.Slovak presidents do not wield many executive powers but have a strong role in forming governments and shaping public debate.The central European country, a member of the euro zone, faces a snap parliamentary election in September and a presidential vote in March next year.Caputova is the most popular Slovak politician, with a confidence rating of 42.9%, ahead of opposition leader Peter Pellegrini at 36.3%, according to a poll by the IPSOS agency for news media www.dennikn.sk on Tuesday.Caputova, 49, has frequently been criticised for her liberal stance by opposition leader and former prime minister Robert Fico, who has claimed, without proof, she was a U.S. puppet and stood for interests of U.S. financier George Soros.Caputova said last month she would take legal action against Fico, whose Smer party leads opinion polls, for what she called lies. She has said that both she and her family have been a target of death threats.Our Standards: The Thomson Reuters Trust Principles.",https://www.reuters.com/article/slovakia-president/slovak-president-caputova-will-not-seek-second-term-in-election-next-year-idUSKBN2Y60VX
4,worldNews,China's premier tells German CEOs biggest risk is lack of cooperation,JUN 20 2023,BERLIN/MUNICH/FRANKFURT (Reuters) -China's Premier Li Qiang told Germany's top CEOs that a lack of cooperation was the biggest risk during a visit to lobby for stronger ties even as Europe seeks to reduce its dependence on Asia's rising superpower.,"Li met with the heads of corporate titans like Mercedes-Benz (MBGn.DE), SAP (SAPG.DE) and Siemens Energy (ENR1n.DE) on Monday in Berlin ahead of Chinese-German government consultations on Tuesday at the start of his first official trip overseas.German blue-chips Covestro (1COV.DE), BASF (BASFn.DE) and Merck (MRCG.DE) also confirmed that their CEOs had been present at the meeting, but declined to provide details on what was discussed.Covestro said it was in favour of keeping ties with China stable, adding it saw the continuation of economic and technological relations as being in the interest of Germany and the EU despite growing geopolitical tensions.""This requires a balanced approach to opportunities and risks as well as close cooperation on global challenges such as climate change. This can only be achieved through constant dialogue,"" the company said in e-mailed comments.The premier will also head to Paris for an official visit and to attend a financial conference on June 22 to 23.""We should not artificially exaggerate 'dependence', or even simply equate interdependence with insecurity,"" he told Germany's top corporate brass according to the official Xinhua news agency.""Lack of cooperation is the biggest risk, and lack of development is the biggest insecurity.""The fact his first trip overseas started in Germany underscores the weight of the ties between Asia and Europe's largest economies. China is Germany's largest trade partner and is a key market for German companies to export goods and procure materials.The trip comes, however, as the European Union seeks to reduce its dependence on China, particularly for critical minerals and products required for its green transition, and Russia's invasion of Ukraine has made it more wary about letting rivals have access to technologies with military applications.The European Commission will present a document later on Tuesday that will call for measures to address security risks posed by outbound investments as well as to reinforce export controls on goods that have both civilian and military use.Germany itself is mulling a new China strategy expected to toughen its stance on its top trade partner. It is also reviewing the use of equipment by Chinese telecoms equipment maker Huawei in its digital infrastructure.China hawks said Li would likely push German companies to lobby the government to restrain regulation on business with China at national and EU level.Companies, not governments, should take the lead on managing risk, Li told the German CEOs.""Enterprises have the most direct and acute sense of risk, and know how to avoid and deal with it, so we should return the leadership of risk prevention to enterprises,"" he said.After government consultations on Tuesday morning, Li is set to attend the German-China business forum this afternoon, before heading in the evening to Munich.A spokesperson for Siemens confirmed that the Chinese delegation would meet with Siemens CEO Roland Busch for a brief visit in Munich on Wednesday.The Munich tour will also include luxury carmaker BMW (BMWG.DE) and its CEO Oliver Zipse, two people will knowledge of the plans said. BMW owns a majority in BMW Brilliance Automotive (BBA), its Chinese joint venture with Brilliance Auto Group.Our Standards: The Thomson Reuters Trust Principles.",https://www.reuters.com/article/germany-china-ceo/chinas-premier-tells-german-ceos-biggest-risk-is-lack-of-cooperation-idUSKBN2Y60G1
5,worldNews,China's premier tells German CEOs biggest risk is lack of cooperation,JUN 20 2023,BERLIN/MUNICH/FRANKFURT (Reuters) -China's Premier Li Qiang told Germany's top CEOs that a lack of cooperation was the biggest risk during a visit to lobby for stronger ties even as Europe seeks to reduce its dependence on Asia's rising superpower.,"Li met with the heads of corporate titans like Mercedes-Benz (MBGn.DE), SAP (SAPG.DE) and Siemens Energy (ENR1n.DE) on Monday in Berlin ahead of Chinese-German government consultations on Tuesday at the start of his first official trip overseas.German blue-chips Covestro (1COV.DE), BASF (BASFn.DE) and Merck (MRCG.DE) also confirmed that their CEOs had been present at the meeting, but declined to provide details on what was discussed.Covestro said it was in favour of keeping ties with China stable, adding it saw the continuation of economic and technological relations as being in the interest of Germany and the EU despite growing geopolitical tensions.""This requires a balanced approach to opportunities and risks as well as close cooperation on global challenges such as climate change. This can only be achieved through constant dialogue,"" the company said in e-mailed comments.The premier will also head to Paris for an official visit and to attend a financial conference on June 22 to 23.""We should not artificially exaggerate 'dependence', or even simply equate interdependence with insecurity,"" he told Germany's top corporate brass according to the official Xinhua news agency.""Lack of cooperation is the biggest risk, and lack of development is the biggest insecurity.""The fact his first trip overseas started in Germany underscores the weight of the ties between Asia and Europe's largest economies. China is Germany's largest trade partner and is a key market for German companies to export goods and procure materials.The trip comes, however, as the European Union seeks to reduce its dependence on China, particularly for critical minerals and products required for its green transition, and Russia's invasion of Ukraine has made it more wary about letting rivals have access to technologies with military applications.The European Commission will present a document later on Tuesday that will call for measures to address security risks posed by outbound investments as well as to reinforce export controls on goods that have both civilian and military use.Germany itself is mulling a new China strategy expected to toughen its stance on its top trade partner. It is also reviewing the use of equipment by Chinese telecoms equipment maker Huawei in its digital infrastructure.China hawks said Li would likely push German companies to lobby the government to restrain regulation on business with China at national and EU level.Companies, not governments, should take the lead on managing risk, Li told the German CEOs.""Enterprises have the most direct and acute sense of risk, and know how to avoid and deal with it, so we should return the leadership of risk prevention to enterprises,"" he said.After government consultations on Tuesday morning, Li is set to attend the German-China business forum this afternoon, before heading in the evening to Munich.A spokesperson for Siemens confirmed that the Chinese delegation would meet with Siemens CEO Roland Busch for a brief visit in Munich on Wednesday.The Munich tour will also include luxury carmaker BMW (BMWG.DE) and its CEO Oliver Zipse, two people will knowledge of the plans said. BMW owns a majority in BMW Brilliance Automotive (BBA), its Chinese joint venture with Brilliance Auto Group.Our Standards: The Thomson Reuters Trust Principles.",https://www.reuters.com/article/germany-china-ceo/chinas-premier-tells-german-ceos-biggest-risk-is-lack-of-cooperation-idUSKBN2Y60G1
6,worldNews,Pope meets Cuban president as small protest held away from Vatican,JUN 20 2023,"Pope Francis held talks on Tuesday with Cuban President Miguel Díaz-Canel, who is making a rare trip to the West, as police kept a small demonstration demanding respect for human rights on the communist-run island away from the Vatican.","A Vatican statement did not give any details on what was discussed during 40 minutes of talks but said that in Diaz-Canel´s subsequent talks with Holy See diplomats the topic was the current situation in Cuba, with particular attention to the Cuban Church's charity activities.This appeared to be a reference to the country's dire financial situation.Cuba is suffering a near unprecedented economic crisis, with widespread shortages of food, fuel and medicine that have prompted a record-breaking outflow of migrants to the United States in the last year.A Cuban embassy statement said Diaz-Canel expressed support for the pope's efforts to achieve peace, protect the environment, promote nuclear disarmament and defend the poor.Diaz-Canel, who was also due to meet Italian President Sergio Mattarella and officials of U.N. food agencies in Rome, rarely travels to Western nations. Last November, he travelled to China and Russia to meet with presidents in each country.Pope Francis visited Cuba in 2015 and met with ailing revolutionary leader Fidel Castro, who died in 2016.As the pope and Diaz-Canel met, about a dozen demonstrators opposed to the Cuban government held a protest near the Tiber River about six blocks away. They had planned to hold it outside St. Peter's Square but police did not allow them.The protesters held up Cuban and Italian flags and demanded the release of those they say are political prisoners. They held up a large banner reading ""Respect Human Rights in Cuba"".Communist-run Cuba has faced sharp criticism from rights groups, the United States and the European Union following the imprisonment of hundreds of protesters after the July 11, 2021, riots, the largest since Castro's 1959 revolution.Some of those who took to the streets, angered by blackouts and shortages amid the coronavirus pandemic, cried ""freedom"" and demanded a change in government.Authorities in Cuba have said those jailed following the 2021 demonstrations are guilty of crimes including public disorder, resisting arrest, robbery and vandalism. They have wavered little from those arguments despite growing international pressure.But during an unusual visit to Cuba early this year, Cardinal Benjamin Stella, an envoy of the pope, said he had discussed a potential prisoner release with Diaz-Canel.(This story has been refiled to add the dropped hyphenated last name of Cuban President Miguel Diaz-Canel)Our Standards: The Thomson Reuters Trust Principles.",https://www.reuters.com/article/pope-cuba/pope-meets-cuban-president-as-small-protest-held-away-from-vatican-idUSKBN2Y60UI
7,worldNews,Blinken: U.S. to set out a 'robust' assistance package for Ukraine,JUN 20 2023,U.S. Secretary of State Antony Blinken said he would set out a new assistance package for Ukraine on Wednesday at a conference aimed at encouraging private companies to invest in the country's reconstruction after Russia's invasion.,"Kyiv and London will host the Ukraine recovery conference in London on Wednesday and Thursday, when more than 1,000 foreign officials from over 60 states along with business chiefs and global investors will discuss ways to help the country rebuild.""President Biden said ... that we would stand with Ukraine for as long as it takes, and both of our countries are deeply committed to that,"" Blinken told a press conference alongside British foreign minister James Cleverly on Tuesday.""We will continue to deliver on that commitment, including through a new robust U.S. assistance package that I'll be able to announce tomorrow.""Both foreign ministers underlined the conference was focused on encouraging the private sector to use its resources to help speed Ukraine's reconstruction but that Kyiv had to do its part by pressing on with reform and the world had to figure out a way to offer companies insurance against war damage and destruction.""This week is very much about creating the conditions necessary for public sector money, of course, but predominantly private sector money to fund their reconstruction,"" Cleverly said.""Now, the precise details of how we do that, I don't want to prejudge. The whole point of the next couple of days is that the UK uses its expertise as a global financial services centre, including as a global insurance centre, but also our convening power.""Ukraine is seeking up to $40 billion to fund the first part of a ""Green Marshall Plan"" to rebuild its economy, including developing a coal-free steel industry, a senior Ukrainian official said before the conference.The total bill will be huge, with Ukraine, the World Bank, the European Commission and the United Nations estimating in March that the cost was at $411 billion for the first year of the war. It could easily reach more than $1 trillion.Our Standards: The Thomson Reuters Trust Principles.",https://www.reuters.com/article/britain-politics-blinken-ukraine/blinken-u-s-to-set-out-a-robust-assistance-package-for-ukraine-idUSKBN2Y60X5
8,worldNews,UN adopts world's first treaty to protect high seas biodiversity,JUN 20 2023,"The U.N. has adopted the world's first treaty to protect the high seas and preserve marine biodiversity in international waters, marking a milestone after nearly 20 years of effort, U.N. Secretary-General Antonio Guterres announced Monday.","The adoption followed an agreement reached in March by more than 100 countries on the of text of the High Seas Treaty, also known as the Biodiversity Beyond National Jurisdiction treaty, after more than 15 years of discussions and five rounds of U.N.-led negotiations.In approving the text, member states have ""pumped new life and hope to give the ocean a fighting chance,"" Guterres said in a statement.The agreement will be open for signature in New York for two years starting Sept. 20, the day following a summit on the U.N. sustainable development goals. It will take effect after 60 countries ratify the agreement, according to the U.N.The pact is a key plank in efforts to put 30% of the world's land and sea under environmental protection by 2030, a goal set in December.Among other provisions, the legally binding agreement would govern sharing benefits derived from marine genetic resources beyond national jurisdictions, creating protected areas on the high seas and establishing a framework for assessing environmental damage.Our Standards: The Thomson Reuters Trust Principles.",https://www.reuters.com/article/global-environment-oceans/un-adopts-worlds-first-treaty-to-protect-high-seas-biodiversity-idUSKBN2Y513P
9,worldNews,Himalayan glaciers on track to lose up to 75% of ice by 2100 - report,JUN 20 2023,"(Reuters) -Glaciers in Asia’s Hindu Kush Himalaya could lose up to 75% of their volume by century’s end due to global warming, causing both dangerous flooding and water shortages for the 240 million people who live in the mountainous region, according to a new report.","A team of international scientists has found that ice loss in the region, home to the famous peaks of Everest and K2, is speeding up. During the 2010s, the glaciers shed ice as much as 65% faster than they had in the preceding decade, according to the assessment by the Kathmandu-based International Centre for Integrated Mountain Development (ICIMOD), an intergovernmental scientific authority on the region.“We’re losing the glaciers, and we’re losing them in 100 years’ time,” said Philippus Wester, an environmental scientist and ICIMOD fellow who was the lead author of the report.The Hindu Kush Himalaya stretches 3,500 km (2,175 miles) across Afghanistan, Bangladesh, Bhutan, China, India, Myanmar, Nepal and Pakistan.At 1.5 degrees Celsius or 2C of warming above preindustrial temperatures, glaciers across the entire region will lose 30% to 50% of their volume by 2100, the report said.But where glaciers will melt most depends on location. At 3C of warming — what the world is roughly on track for under current climate policies — glaciers in the Eastern Himalaya, which includes Nepal and Bhutan, will lose up to 75% of their ice. At 4C of warming, that ticks up to 80%.Scientists have struggled to assess how climate change is affecting the Hindu Kush Himalaya. Unlike the European Alps and North America’s Rocky Mountains, the region lacks a long historical record of field measurements that reveal whether glaciers are growing or shrinking.“There was always some uncertainty in the Himalaya — are they really melting?”, said Wester.In 2019, the United States declassified spy satellite images of the region’s glaciers dating back to 1970, providing a new scientific baseline.Further advances in satellite technology in the past five years, alongside bolstered field efforts, have buoyed scientists’ understanding of the changes underway. The report draws on data running through December 2022.“While the knowledge of the Himalayan glaciers is still not as good as the Alps, it’s now comparable to other regions like the Andes,” said Tobias Bolch, a glaciologist with Graz University of Technology in Austria unaffiliated with the report.Compared with a 2019 ICIMOD assessment of the region, “there’s a much higher level of confidence now in these findings,” said Wester. “We have a better sense of what the loss will be through to 2100 at different levels of global warming.”LIVELIHOODS AT RISKWith this newfound understanding comes grave concern for the people living in the Hindu Kush Himalaya.The report found water flows in the region’s 12 river basins, including the Ganges, Indus, and Mekong, are likely to peak around mid-century, with consequences for the more than 1.6 billion people who depend on this supply.""While it may sound like we'll have more water because glaciers are melting at an increased rate ... too frequently it will arise as floods instead of a steady flow,"" said Wester. Past peak water, supplies will eventually dwindle.Many high mountain communities use glacial water and snowmelt to irrigate crops. But the timing of when snow falls has become more erratic, and there’s less than there used to be.“We’ve had … huge numbers of yak deaths because during summer they go to higher pastures,” said report co-author Amina Maharjan, a senior specialist in livelihoods and migration at ICIMOD. If the snow falls too soon, “the entire area is covered in snow and they don’t have grass to graze”.People are now moving away from mountain communities to earn income elsewhere, she said.Melting glaciers also pose a danger to downstream communities. Runoff pools in shallow lakes, held back by rocks and debris. The risk comes when a lake overfills, bursting through its natural barrier and sending a torrent of water rushing down mountain valleys.Governments are trying to prepare for these changes. China is working to shore up the country’s water supplies. And Pakistan is installing early warning systems for glacial lake outburst floods.Our Standards: The Thomson Reuters Trust Principles.",https://www.reuters.com/article/climate-change-himalaya-glaciers/himalayan-glaciers-on-track-to-lose-up-to-75-of-ice-by-2100-report-idUSKBN2Y600A
