,Topic,News Headline,News Date,News Summary,Full News Article,URL
0,technologySector,Qualcomm to acquire Israeli auto-chip maker Autotalks,MAY 08 2023,"Chip designer Qualcomm Inc said on Monday it would buy Israel's Autotalks Ltd that makes chips used in technology aimed at preventing vehicle crashes, as the U.S. firm looks to deepen its automotive business.","The company did not disclose the terms of the deal but said Autotalk's technology would be incorporated into its assisted and autonomous driving product, called Snapdragon Digital Chassis.Qualcomm said in September last year that its automotive business ""pipeline"", or potential future orders, rose by more than $10 billion to $30 billion since its third-quarter results were announced in late July, as automakers increasingly equip their cars with driver-assistance systems.The company, which has credited the jump to its Snapdragon Digital Chassis product, competes with Intel's Mobileye Global (MBLY.O) and Nvidia Corp (NVDA.O) for that slice of the market.Revenue from Qualcomm's automotive business rose 20% to $447 million in the second quarter ended March 26.Autotalks makes dedicated chips used in the vehicle-to-everything (V2X) communications technology for manned and driverless vehicles to improve road safety.Our Standards: The Thomson Reuters Trust Principles.",https://www.reuters.com/article/autotalks-ma-qualcomm/qualcomm-to-acquire-israeli-auto-chip-maker-autotalks-idUSL4N375123
1,technologySector,South Korean shares rise in cautious trade ahead of US data,MAY 08 2023,Round-up of South Korean financial markets:,,https://www.reuters.com/article/southkorea-markets-close/south-korean-shares-rise-in-cautious-trade-ahead-of-us-data-idUSS6N36U02Y
2,technologySector,Australia's UniSuper buys into Vantage Towers consortium,MAY 08 2023,"Australian pension fund UniSuper said it paid A$1 billion ($677 million) for an indirect 5% stake in newly privatised European telecom masts business Vantage Towers , as it looks to expand infrastructure and private investments globally.","Top shareholder Vodafone (VOD.L) agreed to sell a chunk of Vantage to a consortium including U.S. private equity giants KKR (KKR.N) and Global Infrastructure Partners in November. UniSuper said on Monday it was buying into the consortium through KKR.""We are always looking to doing meaningful-sized stakes, as we're getting to being quite a big fund nowadays,"" said Sandra Lee, head of private markets at UniSuper, which manages about A$115 billion in assets.""It wasn't an auction process, and they were looking for larger-scale investors - we were buying into it in an opportunistic style deal.""KKR and GIP had no immediate comment. UniSuper did not disclose any further deal terms. Vantage Towers is due to be de-listed on May 9.($1 = 1.4765 Australian dollars)Our Standards: The Thomson Reuters Trust Principles.",https://www.reuters.com/article/vodafone-vantage-towers-ma-unisuper/australias-unisuper-buys-into-vantage-towers-consortium-idUSL4N37519L
3,technologySector,"Japanese shares end lower amid stronger yen, US bank jitters",MAY 08 2023,"Japanese shares ended lower on Monday, as investors sold stocks as the yen strengthened against the dollar, and concerns surrounding the U.S. banking sector persisted.",,https://www.reuters.com/article/japan-stocks-close/japanese-shares-end-lower-amid-stronger-yen-us-bank-jitters-idUSL4N37517A
4,technologySector,UPDATE 4-Binance lifts block on bitcoin withdrawals amid heavy volumes,MAY 08 2023,Four hour block on bitcoin withdrawals across Sunday and Monday,"Late on Sunday and again early on Monday the world's biggest crypto exchange shut bitcoin withdrawals saying there was a glut of pending transactions because it hadn't offered so-called miners a high enough reward to log the trades on the blockchain.The halt pushed bitcoin lower though its losses were marginal, with the cryptocurrency last down about 1% to $28,162, its lowest in nearly a week.""Our set fees did not anticipate the recent surge in (bitcoin) network gas fees,"" Binance said in a tweet. ""We're replacing the pending bictoin withdrawal transactions with a higher fee so that they get picked up by mining pools.""Gas fees refer to payments made to crypto miners whose computing power processes transactions on the blockchain.""If the withdrawal amount is large, the gas fee required to process the transaction may also be large, especially during times of high network congestion,"" Joshua Chu, group chief risk officer at blockchain technology group XBE, Coinllectibles and Marvion.""We need more information as to what has led to the large withdrawals."" After an hour-long stoppage late on Sunday and several hours on Monday, Binance said withdrawals resumed.""To prevent a similar recurrence ... our fees have been adjusted."" In a separate tweet Binance denied there had been large outflows from the platform.In March, Binance had suspended deposits and withdrawals citing tech issues. Twenty-four hour trading volume on Binance was $6.9 billion according to analytics site CoinMarketCap, more than eight times the next-largest venue, Coinbase.Our Standards: The Thomson Reuters Trust Principles.",https://www.reuters.com/article/fintech-crypto-binance-bitcoin/update-4-binance-lifts-block-on-bitcoin-withdrawals-amid-heavy-volumes-idUSL1N37502G
5,technologySector,"China bank stocks soar on easing margin pressure, credit demand recovery",MAY 08 2023,"Shares in Chinese banks rose sharply on Monday after more lenders reduced interest rates on deposits, in a move that would boost margins and assist with Beijing's broader economic goals of increasing spending and credit demand.",,https://www.reuters.com/article/china-banks/china-bank-stocks-soar-on-easing-margin-pressure-credit-demand-recovery-idUSL4N3750YR
6,technologySector,Chinese state tabloid criticises protest letter from South Korean embassy,MAY 08 2023,"The Global Times, a hawkish Chinese state media tabloid, on Monday criticised a letter of protest sent to it by South Korea's embassy in China, the latest public spat amid worsening ties between the Asian neighbours.","South Korea's recent diplomatic push towards Japan and the U.S. would ""induce and aggravate the ... collapse of the situation in northeast Asia"" the paper said, a day after Japanese Prime Minister Fumio Kishida's landmark visit to Seoul.The editorial comment followed a letter published by the embassy on its website on Friday that ""expressed strong regret over a series of unreasonable slanderous articles"" by the paper.The articles used ""sensational, provocative and inappropriate vocabulary to denigrate not only our leader but also the Korean government's foreign policy,"" the embassy added.In turn, the Global Times criticised the embassy's ""brutal interference in (its) independent reporting"".Foreign embassies in China rarely offer public criticism of reporting by Chinese state media.South Korea's embassy in China did not immediately respond to a request for comment.China's foreign ministry distanced itself from the state-affiliated tabloid at a daily briefing on Monday.""The relevant media viewpoint does not represent the position of the Chinese government, but reflects current Chinese public opinion,"" said its spokesperson, Wang Wenbin.""It is crucial to manage the original cause in order to avoid negative public opinion.""Known for its nationalist rhetoric, the Global Times has repeatedly attacked South Korean President Yoon Suk Yeol for ""blindly following the U.S."" after his visit there late last month.It has accused Seoul of bringing further tension to the Korean peninsula by building security ties with Japan and the United States.Sunday's visit by Kishida, the first by a Japanese leader in 12 years, is a sign of warming relations as both U.S. allies look to close a chapter on historical disputes that have dogged relations for decades.In a similar incident last December, China's ambassador in South Korea criticised Korean media for stoking anti-China sentiment.Our Standards: The Thomson Reuters Trust Principles.",https://www.reuters.com/article/china-diplomacy-southkorea/chinese-state-tabloid-criticises-protest-letter-from-south-korean-embassy-idUSL4N3750PO
7,technologySector,UPDATE 2-Alibaba logistics arm eyes up to $2 billion Hong Kong IPO -sources,MAY 08 2023,"Alibaba's logistics arm aims to raise up to $2 billion via a listing in Hong Kong likely early next year, sources with knowledge of the matter said, bolstering hopes for a capital markets revival in the Asian financial hub.","Cainiao Network Technology's initial public offering (IPO) plan comes after Alibaba flagged in late March it would split its business into six units and that most of them would explore capital raisings or market debuts to help fund future growth.Cainiao, which has started work on the IPO, is looking to raise between $1 billion and $2 billion in Hong Kong, according to three sources. They declined to be named because the listing deliberations are private.The planned IPO, the size of which has not been reported before, is likely to be launched in early 2024, two of the sources said.The sources cautioned that the plans are not finalised yet and remain subject to changes.Cainiao said it would not comment on market speculation.Alibaba did not respond to a request for comment.Alibaba, which acts as a massive online marketplace for buyers and sellers, has in past years picked up stakes in top express delivery players to ensure reliable services for the group.It co-founded Cainiao in 2013 with partners including department store owner Intime Group, conglomerate Fosun Group and a handful of logistic firms. Alibaba took control of Cainiao four years later and has lifted its stake to 67% from 47%.Cainiao, which provides software and shares data with warehouses, carriers and logistics firms, reported 42 billion yuan ($6.07 billion) in revenue in the nine months ended December, up 22% year-on-year and accounting for 6% of Alibaba's total revenue.The logistics arm's IPO plan is the first of the expected capital raisings for Alibaba's spun-off units to be reported publicly as it pursues the biggest restructuring in its 24-year history.Analysts have said that the breakup could ease scrutiny over Chinese billionaire Jack Ma's sprawling business empire, which has been a target of local regulators as part of a broader crackdown on private enterprises since late 2020.The other five units include Cloud Intelligence, Taobao Tmall Commerce, Local Services, Global Digital Commerce and Digital Media and Entertainment.Dealmakers hope that Cainiao's potential IPO, expected to be followed by market debuts from some of the other Alibaba units in the near-term, could help revive sluggish fundraising activities in Hong Kong.While Alibaba has not divulged potential listing venues for the other units, bankers say that Hong Kong would be a preferred destination because of its proximity to the group's home market and Sino-U.S. tensions.About $1.5 billion has been raised from IPOs in Hong Kong so far this year, marginally above the $1.2 billion raised in the same period last year, according to Refinitiv data.Craig Coben, the former head of Bank of America's Asia-Pacific capital markets business, said the Alibaba spin-offs would be on the radar of major global investors.""There will be international demand for these assets, although valuation may be a challenge given the losses that global investors have suffered from high-growth Chinese stocks,"" he said.($1 = 6.9149 Chinese yuan renminbi)Our Standards: The Thomson Reuters Trust Principles.",https://www.reuters.com/article/alibaba-logistics-hongkong-ipo/update-2-alibaba-logistics-arm-eyes-up-to-2-billion-hong-kong-ipo-sources-idUSL1N375050
8,technologySector,Alibaba logistics arm eyes up to $2 billion Hong Kong IPO -sources,MAY 07 2023,"Alibaba's logistics arm aims to raise up to $2 billion via a listing in Hong Kong likely early next year, sources with knowledge of the matter said, bolstering hopes for a capital markets revival in the Asian financial hub.","Cainiao Network Technology's initial public offering (IPO) plan comes after Alibaba flagged in late March it would split its business into six units and that most of them would explore capital raisings or market debuts to help fund future growth.Cainiao, which has started work on the IPO, is looking to raise between $1 billion and $2 billion in Hong Kong, according to three sources. They declined to be named because the listing deliberations are private.The planned IPO, the size of which has not been reported before, is likely to be launched in early 2024, two of the sources said.The sources cautioned that the plans are not finalised yet and remain subject to changes.Cainiao said it would not comment on market speculation.Alibaba did not respond to a request for comment.Alibaba, which acts as a massive online marketplace for buyers and sellers, has in past years picked up stakes in top express delivery players to ensure reliable services for the group.It co-founded Cainiao in 2013 with partners including department store owner Intime Group, conglomerate Fosun Group and a handful of logistic firms. Alibaba took control of Cainiao four years later and has lifted its stake to 67% from 47%.Cainiao, which provides software and shares data with warehouses, carriers and logistics firms, reported 42 billion yuan ($6.07 billion) in revenue in the nine months ended December, up 22% year-on-year and accounting for 6% of Alibaba's total revenue.The logistics arm's IPO plan is the first of the expected capital raisings for Alibaba's spun-off units to be reported publicly as it pursues the biggest restructuring in its 24-year history.Analysts have said that the breakup could ease scrutiny over Chinese billionaire Jack Ma's sprawling business empire, which has been a target of local regulators as part of a broader crackdown on private enterprises since late 2020.The other five units include Cloud Intelligence, Taobao Tmall Commerce, Local Services, Global Digital Commerce and Digital Media and Entertainment.Dealmakers hope that Cainiao's potential IPO, expected to be followed by market debuts from some of the other Alibaba units in the near-term, could help revive sluggish fundraising activities in Hong Kong.While Alibaba has not divulged potential listing venues for the other units, bankers say that Hong Kong would be a preferred destination because of its proximity to the group's home market and Sino-U.S. tensions.About $1.5 billion has been raised from IPOs in Hong Kong so far this year, marginally above the $1.2 billion raised in the same period last year, according to Refinitiv data.Craig Coben, the former head of Bank of America's Asia-Pacific capital markets business, said the Alibaba spin-offs would be on the radar of major global investors.""There will be international demand for these assets, although valuation may be a challenge given the losses that global investors have suffered from high-growth Chinese stocks,"" he said.($1 = 6.9149 Chinese yuan renminbi)Our Standards: The Thomson Reuters Trust Principles.",https://www.reuters.com/article/alibaba-logistics-hongkong-ipo/alibaba-logistics-arm-eyes-up-to-2-billion-hong-kong-ipo-sources-idUSL4N37213C
9,technologySector,Japan's Hamamatsu Photonics says Denmark denies approval for NKT Photonics acquisition,MAY 07 2023,Japan's Hamamatsu Photonics KK said on Monday that Danish authorities had rejected a European subsidiary's application to acquire Copenhagen-based fibre laser manufacturer NKT Photonics A/S from NKT A/S.,"Hamamatsu Photonics had announced plans for the takeover last June for about 205 million euros ($226 million) to expand application of its laser diode business based on compound semiconductor manufacturing technology. NKT Photonics' lasers could be used for inspection of cutting-edge semiconductor devices, among other applications, it had said.""We are currently considering further actions in relation to the decision,"" Hamamatsu Photonics said in a statement on Monday.Authorities in Germany, Britain, and the United States had approved the acquisition, it added. The Danish Business Authority said the denial was in accordance with the Danish Investment Screening Act.($1 = 0.9065 euros)Our Standards: The Thomson Reuters Trust Principles.",https://www.reuters.com/article/japan-denmark-hamamatsu-photo/japans-hamamatsu-photonics-says-denmark-denies-approval-for-nkt-photonics-acquisition-idUSFWN37300X
