,Topic,News Headline,News Date,News Summary,Full News Article,URL
0,technologySector,UPDATE 1-Australia's Perpetual says 'tech outage' affected some funds in cyber incident,JUN 21 2023,"Australian Perpetual on Wednesday confirmed an extended tech outage over an IT security incident, affecting some of its funds, though the fund manager reaffirmed that all its client investments and its own systems were unaffected and secure.","""Perpetual's listed products, institutional mandates, Pendal, Perpetual Corporate Trust, Perpetual Wrap clients, and all of our international asset management businesses are not affected,"" a Perpetual spokesperson said.Since the onset of September last year, the country's corporate industry has seen an alarming uptick in cybersecurity incidents, with some of the latest targets being TechnologyOne Ltd (TNE.AX) and Medibank Ltd (MPL.AX).In Perpetual's case, one of its third-party unit registry systems was compromised, impacting clients' access to its main investor login portal myPerpetual, the company said in a statement.However, the company on Wednesday confirmed its core systems were restored and processing of client transactions, including payment of withdrawals, recommenced.The outage impacted about 45,000 clients and was limited to its Asset Management and Wealth Management divisions' Investment Funds, WealthFocus, and select products distributed in Australia, it added.For the time being, in order to move to a more secure environment, Perpetual said it disconnected from the third-party's systems ""when we became aware of the incident and are currently working with the registry provider to rebuild the system.""Our Standards: The Thomson Reuters Trust Principles.",https://www.reuters.com/article/australia-cyberattack-perpetual/update-1-australias-perpetual-says-tech-outage-affected-some-funds-in-cyber-incident-idUSL4N38D1GZ
1,technologySector,Nikkei reverses course to end higher on bargain-buying; SoftBank leads,JUN 21 2023,"Japan's Nikkei share average reversed course to close higher on Wednesday, as investors scooped up cheap heavyweights, with SoftBank Group and chip-related shares leading the gains.",,https://www.reuters.com/article/japan-stocks-close/nikkei-reverses-course-to-end-higher-on-bargain-buying-softbank-leads-idUSL4N38D1FW
2,technologySector,UPDATE 1-South Korea environmental impact review clears way for US missile defence system,JUN 21 2023,"A South Korean environmental impact assessment of a U.S. missile defence system found ""insignificant"" electromagnetic radiation relative to safety standards, the defence ministry said on Wednesday, clearing the way for its permanent deployment.","The Terminal High Altitude Area Defense (THAAD) system installed in South Korea in 2017 generated a maximum level of electromagnetic radiation below 0.2% of the safety standards, the ministry said. China and some residents had complained about its placement in the southeastern air base of Seongju.""The latest environmental impact assessment is a preceding step for the normalisation of the Seongju base,"" the ministry said in a statement.The study result is expected to clear the way for additional infrastructure construction for the system. Officials have said THAAD could not be operated at its full capacity amid protests from nearby residents who raised concerns over the system's impact on their health.No USFK THAAD deployment: Sosungri Village and National Civil Society Network, a coalition of groups opposing the installation, denounced the government announcement. The group said the review was hastily done, and hinted that it would continue protesting.China has also angrily reacted to the installation, contending that the system's powerful radar could peer into its airspace.The United States and South Korea have said THAAD is for self-defence, meant to counter North Korea's evolving threats.The nuclear-armed North has been testing various weapons, including its biggest intercontinental ballistic missile, ramping up tension with the South and its main ally, the United States.Our Standards: The Thomson Reuters Trust Principles.",https://www.reuters.com/article/southkorea-usa/update-1-south-korea-environmental-impact-review-clears-way-for-us-missile-defence-system-idUSL1N38D0FE
3,technologySector,Vodafone hires Morgan Stanley to weigh options for its Spanish unit - Expansion,JUN 21 2023,"Britain telecoms company Vodafone has hired investment bank Morgan Stanley to evaluate the options for its Spanish unit, Spanish newspaper Expansion reported on Wednesday citing unidentified market sources.","The company has started a strategic review on the future of its Spanish unit and its CEO Margherita Della Valle said last month the company's management is open to ""structural change"".A Vodafone spokesperson in Madrid declined to comment and Morgan Stanley did not immediately return a telephone call seeking comment.Our Standards: The Thomson Reuters Trust Principles.",https://www.reuters.com/article/vodafone-ma-spain-morganstanley/vodafone-hires-morgan-stanley-to-weigh-options-for-its-spanish-unit-expansion-idUSL1N38D0GG
4,technologySector,THG expects higher first half profit,JUN 21 2023,"THG, the online retail platform, on Wednesday forecast a significant increase in first half profit and maintained its guidance for the full year.","The British company, which also owns beauty e-commerce sites as well as an online platform serving third-party brands, also said on Wednesday that founder and CEO Matthew Moulding had transferred the ""Special Share"" he held that allowed him to veto any hostile takeover offer. The Special Share will be cancelled by THG.The group, which last month ended takeover talks with Apollo Global Management (APO.N), intends to move to a premium listing but the timing is subject to the final outcome of the Financial Conduct Authority's review for reform of the listing regime.In a trading update published ahead of its annual shareholders' meeting, THG forecast first-half adjusted core earnings in the range of 44 million pounds to 47 million pounds ($56-$60 million), up from 32.3 million pounds in the same period last year.It said the nutrition business was benefiting from easing commodity prices, with further margin benefits expected in the second half.THG said its guidance for the full year was unchanged, with adjusted core earnings expected to be in line with analysts' average forecast of 118.5 million pounds.Shares in the group were up 1.9% in early trading, extending 2023 gains to 70.5%.($1 = 0.7831 pounds)Our Standards: The Thomson Reuters Trust Principles.",https://www.reuters.com/article/thg-outlook/thg-expects-higher-first-half-profit-idUSL8N38D13B
5,technologySector,EQT proposes to buy UK's Alfa Financial for about $785 mln,JUN 21 2023,Investment firm EQT on Wednesday said it proposed to buy UK's Alfa Financial Software for 614.4 million pounds ($784.6 million).,,https://www.reuters.com/article/alfa-financial-software-ma-eqt/eqt-proposes-to-buy-uks-alfa-financial-for-about-785-mln-idUSL4N38D1GE
6,technologySector,"Shanghai regulators summon Starbucks, Shake Shack citing excessive personal data collection",JUN 21 2023,"Chinese regulators in financial hub Shanghai summoned three firms including Starbucks and Shake Shack earlier this week for collecting excessive personal information, the city's cyberspace regulator said on Wednesday.","The regulators urged these firms to comprehensively rectify, protect personal information and safeguard the legitimate rights and interests of consumers, Shanghai's cyberspace regulator said in a statement.Currently, two firms including Shake Shack have made initial improvements to the issues, and Starbucks is actively making adjustments, the regulator saidOur Standards: The Thomson Reuters Trust Principles.",https://www.reuters.com/article/china-shanghai-starbucks-regulation/shanghai-regulators-summon-starbucks-shake-shack-citing-excessive-personal-data-collection-idUSB9N38400B
7,technologySector,South Korea environmental impact review clears way for US missile defence system,JUN 21 2023,"A South Korean environmental impact assessment of a U.S. missile defence system found ""insignificant"" electromagnetic radiation relative to safety standards, the defence ministry said on Wednesday, clearing the way for its permanent deployment.","The Terminal High Altitude Area Defense (THAAD) system installed in South Korea in 2017 generated a maximum level of electromagnetic radiation below 0.2% of the safety standards, the ministry said. China and some residents had complained about its placement in the southeastern air base of Seongju.""The latest environmental impact assessment is a preceding step for the normalisation of the Seongju base,"" the ministry said in a statement.The study result is expected to clear the way for additional infrastructure construction for the system. Officials have said THAAD could not be operated at its full capacity amid protests from nearby residents who raised concerns over the system's impact on their health.No USFK THAAD deployment: Sosungri Village and National Civil Society Network, a coalition of groups opposing the installation, denounced the government announcement. The group said the review was hastily done, and hinted that it would continue protesting.China has also angrily reacted to the installation, contending that the system's powerful radar could peer into its airspace.The United States and South Korea have said THAAD is for self-defence, meant to counter North Korea's evolving threats.The nuclear-armed North has been testing various weapons, including its biggest intercontinental ballistic missile, ramping up tension with the South and its main ally, the United States.Our Standards: The Thomson Reuters Trust Principles.",https://www.reuters.com/article/southkorea-usa/south-korea-environmental-impact-review-clears-way-for-us-missile-defence-system-idUSL1N38D0D6
8,technologySector,South Korea environmental impact review clears way for US missile defence system,JUN 21 2023,"A South Korean environmental impact assessment of a U.S. missile defence system found ""insignificant"" electromagnetic radiation relative to safety standards, the defence ministry said on Wednesday, clearing the way for its permanent deployment.","The Terminal High Altitude Area Defense (THAAD) system installed in South Korea in 2017 generated a maximum level of electromagnetic radiation below 0.2% of the safety standards, the ministry said. China and some residents had complained about its placement in the southeastern air base of Seongju.""The latest environmental impact assessment is a preceding step for the normalisation of the Seongju base,"" the ministry said in a statement.The study result is expected to clear the way for additional infrastructure construction for the system. Officials have said THAAD could not be operated at its full capacity amid protests from nearby residents who raised concerns over the system's impact on their health.No USFK THAAD deployment: Sosungri Village and National Civil Society Network, a coalition of groups opposing the installation, denounced the government announcement. The group said the review was hastily done, and hinted that it would continue protesting.China has also angrily reacted to the installation, contending that the system's powerful radar could peer into its airspace.The United States and South Korea have said THAAD is for self-defence, meant to counter North Korea's evolving threats.The nuclear-armed North has been testing various weapons, including its biggest intercontinental ballistic missile, ramping up tension with the South and its main ally, the United States.Our Standards: The Thomson Reuters Trust Principles.",https://www.reuters.com/article/southkorea-usa/south-korea-environmental-impact-review-clears-way-for-us-missile-defence-system-idUSL1N38D0D6
9,technologySector,Mastercard launches global plan to recycle credit cards,JUN 21 2023,Payments company Mastercard on Wednesday launched a global project to recycle credit and debit cards as part of a plan to save the billions of cards in circulation across the industry from landfill.,"Initially partnering with British lender HSBC Holdings Plc (HSBA.L) in eight branches in Britain, Mastercard said banks across the world, some of which have launched local initiatives, would be able to join the programme and help build economies of scale.""We are inviting all card issuers around the world to partner with us, no matter what region they are in, and offer card recycling to their customers,"" said Ajay Bhalla, president of cyber and intelligence at Mastercard Inc.Under the plan, Mastercard will provide shredding machines to HSBC, each of which is capable of holding 10,000 cards, equivalent to 50 kg (110 pounds) of plastic. Once full, it will be transferred to a plastic recycling facility.Financial details about the plan were not disclosed. The pilot project, which will run for an initial six months, will allow customers to recycle any plastic card, including those from rivals.""This recycling pilot will provide us with some very important insight and will inform our longer-term plans,"" said Jose Carvalho, head of wealth and personal banking at HSBC UK.Currently, Mastercard said it has around 3.1 billion cards in circulation. Each year, it estimates around 600 million cards are produced by the industry, each with a life span of around five years.The Nilson Report, which analyses the industry, put total cards in circulation at nearly 26 billion in 2022, and forecast that could rise to 28.4 billion by 2027.Soaring plastic use has created one of the world's biggest environmental challenges, with plastic waste buried in landfills or polluting rivers and oceans. The manufacturing process for plastic is also a major source of planet-warming greenhouse gas.Our Standards: The Thomson Reuters Trust Principles.",https://www.reuters.com/article/mastercard-hsbc-cards/mastercard-launches-global-plan-to-recycle-credit-cards-idUSL1N38C0CI
