,Topic,News Headline,News Date,News Summary,Full News Article,URL
0,technologySector,UPDATE 1-Cisco to begin manufacturing from India in diversification move,MAY 10 2023,"Cisco Systems will begin manufacturing from India in a move to diversify its global supply chain, Chief Executive Officer Chuck Robbins said on Wednesday, setting a target of $1 billion in domestic production and exports over next few years.","Cisco, which sells a range of networking equipment and software to connect devices to the internet, did not reveal the investment size, but said it will support the growing demand from customers in India and expand supply chain capabilities.The announcement followed a meeting between Robbins and Prime Minister Narendra Modi in New Delhi.Modi's government has been working towards establishing India as a global electronics hub, courting suppliers and device assemblers to set up base in the country.""India is of strategic importance for Cisco, and we continue to bet on India. Today's announcement marks a significant milestone to power the next phase of growth for Cisco,"" country head Daisy Chittilapilly said in a statement.Our Standards: The Thomson Reuters Trust Principles.",https://www.reuters.com/article/cisco-systems-india/update-1-cisco-to-begin-manufacturing-from-india-in-diversification-move-idUSL1N3770SV
1,technologySector,"UPDATE 1-Britain edging closer to digital pound decision, says minister",MAY 10 2023,"Britain must not get left behind in rapid financial innovation and it was getting closer to deciding ""when, rather than if"" it would issue a digital version of sterling, its financial services minister said on Wednesday.","The finance ministry and Bank of England launched a public consultation in February on preparing the ground for a possible digital pound that was likely to enter into circulation in the second half of this decade.Although no final decision has been taken, Britain's financial services minister Andrew Griffith said on Wednesday that Britain needed to embrace changes in payments and not hold back the tide.""We would not commit the time to the consultation if we didn't think we are getting closer, we are not there today, but we are getting closer to the point that if becomes a when and not and if,"" Griffith told an event held by OMFIF think tank.Britain must not be left behind global innovation in payments with non-cash forms of payments already accounting for 85% of payments and still growing, Griffith said.Many countries are preparing the ground for a digital version of their currencies, with the European Union due shortly to publish a draft law that would give a legal basis for a digital euro, if one was introduced.""We envisage a digital pound acting in a similar way to a physical pound, it will be a safe, trusted form of money,"" Griffith said.However, fiat-backed wholesale digital currencies would be launched before any digital pound, regulated by rules now being approved in parliament, Griffith said.Our Standards: The Thomson Reuters Trust Principles.",https://www.reuters.com/article/britain-sterling-digital/update-1-britain-edging-closer-to-digital-pound-decision-says-minister-idUSL1N3770S1
2,technologySector,FEATURE-Turkey silences online critics ahead of landmark election,MAY 10 2023,Turkey to vote in presidential and parliamentary elections Saturday,,https://www.reuters.com/article/turkey-election-internet/feature-turkey-silences-online-critics-ahead-of-landmark-election-idUSL8N3705XM
3,technologySector,Cisco to manufacture from India in diversification move,MAY 10 2023,"U.S. tech giant Cisco Systems will set up a manufacturing facility in India as it aims to diversify its global supply chain, Chief Executive Officer Chuck Robbins said on Wednesday.","Cisco, which sells a range of networking equipment and software to connect devices to the internet, did not reveal the investment size, but said it will support the growing demand from customers in India and expand supply chain capabilities.The announcement followed a meeting between Robbins and Prime Minister Narendra Modi in New Delhi.Modi's government has been working towards establishing India as a global electronics hub, courting suppliers and device assemblers to set up base in the country.""India is of strategic importance for Cisco, and we continue to bet on India. Today's announcement marks a significant milestone to power the next phase of growth for Cisco,"" country head Daisy Chittilapilly said in a statement.Our Standards: The Thomson Reuters Trust Principles.",https://www.reuters.com/article/cisco-systems-india/cisco-to-manufacture-from-india-in-diversification-move-idUSL4N3771SP
4,technologySector,Austria to join countries banning TikTok from government phones,MAY 10 2023,"Austria will join the growing list of countries banning Chinese-owned video-sharing app TikTok from government employees' work phones, Interior Minister Gerhard Karner said on Wednesday.","Various Western countries including Britain, the United States and several other European Union member states have already barred TikTok over security concerns. The EU's two biggest policymaking institutions also banned the app in March.""It will be banned from work mobile phones. On private phones outside the state network it will of course be possible (to use the app),"" Karner told reporters before a weekly cabinet meeting when asked if politicians in government would be able to keep using the app.TikTok, which is owned by Chinese firm ByteDance, is under scrutiny from governments and regulators because of concerns that China's government could use the app to harvest users' data or advance its interests.Our Standards: The Thomson Reuters Trust Principles.",https://www.reuters.com/article/austria-tiktok/austria-to-join-countries-banning-tiktok-from-government-phones-idUSL1N3770S2
5,technologySector,"UPDATE 1-China stocks lose further on shrinking imports, caution ahead of US CPI",MAY 10 2023,"Chinese stocks extended declines on Wednesday after a disappointing April trade data, and as traders cautiously awaited the latest U.S. inflation report.",,https://www.reuters.com/article/china-stocks-close/update-1-china-stocks-lose-further-on-shrinking-imports-caution-ahead-of-us-cpi-idUSL1N3770LU
6,technologySector,"Britain edging closer to digital pound decision, says minister",MAY 10 2023,"Britain must not be left behind in rapid financial innovation and it was getting closer to deciding ""when, rather than if"" it would issue a digital version of sterling, its financial services minister said on Wednesday.","The finance ministry and Bank of England launched a public consultation in February on preparing the ground for a possible digital pound that was likely to enter into circulation in the second half of this decade.Although no final decision has been taken, Britain's financial services minister Andrew Griffith said on Wednesday that Britain needed to embrace changes in payments and not hold back the tide.""We would not commit the time to the consultation if we didn't think we are getting closer, we are not there today, but we are getting closer to the point that if becomes a when and not and if,"" Griffith told an event held by OMFIF think tank.Britain must not be left behind global innovation in payments with non-cash forms of payments already accounting for 85% of payments and still growing, Griffith said.Many countries are preparing the ground for a digital version of their currencies, with the European Union due shortly to publish a draft law that would give a legal basis for a digital euro, if one was introduced.""We envisage a digital pound acting in a similar way to a physical pound, it will be a safe, trusted form of money,"" Griffith said.However, fiat-backed wholesale digital currencies would be launched before any digital pound, regulated by rules now being approved in parliament, Griffith said.Our Standards: The Thomson Reuters Trust Principles.",https://www.reuters.com/article/britain-sterling-digital/britain-edging-closer-to-digital-pound-decision-says-minister-idUSL8N3772VF
7,technologySector,"UPDATE 4-Toyota targets 10% profit jump, robust EV sales as chip woes recede",MAY 10 2023,"Toyota Motor Corp on Wednesday said it expects operating profit to climb 10% this business year, with a five-fold jump in pure electric vehicle (EV) sales amid an easing in global supply chain disruption from a shortage of chips.","The growth plan was unveiled by new CEO Koji Sato, installed last month, and signals a more aggressive push towards electrification by the Japanese firm that has previously pursued a go-slow approach to all-electric cars, arguing its strategy would provide more consumer choice.The world's biggest car maker by sales forecast battery EV sales, including those of its luxury Lexus brand, would reach 202,000 worldwide this business year through March 2024 - up more than fivefold from 38,000 units last year.Toyota forecast operating profit would rise to 3.0 trillion yen ($22.2 billion) this business year, in line with an analysts' average forecast of 3.02 trillion yen.That target came after operating profit for the fiscal fourth quarter through March surged more than a third to 626.9 billion yen - easily ahead of the average 553.46 billion yen profit estimated by 10 analysts, according to Refinitiv data.Toyota's strategy has seen it come under pressure in China, the world's biggest auto market, where nimble local brands such as BYD Co Ltd (002594.SZ) have moved aggressively with battery EVs, weakening dominance of established foreign brands.But Sato said the demand for purely battery-powered vehicles in China largely represented a new need in the market and was separate from demand for hybrid vehicles.""We would like to work on both sides,"" he said.The profit target has been helped by a weak yen boosting the value of overseas sales, and higher output volumes that outweighed the impact of surging materials costs. Reflecting the impact of the weak yen, revenue for the business year that ended in March this year grew to a record 37.15 trillion yen.Toyota shares, which were nearly flat before the release of the earnings, surged immediately on their publication and rose as much as 2.5% before paring gains to close up 0.8%.The new EV sales target, still a fraction of industry leader Tesla (TSLA.O), would boost Toyota's battery EVs to nearly 2% of total sales volume, up from just 0.4% of its total vehicle sales in the last fiscal year.""We expect an increase in (overall) sales volume in all regions and production volume of 10.1 million (vehicles), due to such factors as ... improvement in semiconductor supply,"" Toyota said in a statement. That would represent output growth of 11% versus the previous year.Seeking to raise its game in the EV sector, where it has been outstripped by new Chinese automakers as well as Tesla, Toyota has said it will introduce 10 new battery-powered vehicles, targeting sales of 1.5 million EVs a year by 2026.Toyota will speed up its push to provide ""appropriate"" solutions for different regions, said Sato, adding that new models would range from compact commercial to luxury vehicles and be centred mainly on the United States and China.A previously announced dedicated unit to focus on next-generation battery EVs, known as BEV Factory, would consist of three platforms focusing on vehicle chassis, electronics and software, he said.The company decided to abolish a zero emissions vehicle design division, known as ZEV factory, it had set up in Japan.Though Toyota has succeeded in keeping its crown as the world's top-selling automaker, it faces a raft of challenges including safety test problems at its affiliate Daihatsu and mounting pressure from green investors.($1 = 135.0500 yen)Our Standards: The Thomson Reuters Trust Principles.",https://www.reuters.com/article/toyota-results/update-4-toyota-targets-10-profit-jump-robust-ev-sales-as-chip-woes-recede-idUSL1N3770B1
8,technologySector,UPDATE 1-Entegris to sell electronic chemicals business to Fujifilm for $700 mln,MAY 10 2023,Chip material supplier Entegris on Wednesday said it will sell its electronic chemicals business to Japan's Fujifilm for $700 million and use the proceeds to accelerate debt payments.,,https://www.reuters.com/article/entegris-divestiture-fujifilm/update-1-entegris-to-sell-electronic-chemicals-business-to-fujifilm-for-700-mln-idUSL4N3771J8
9,technologySector,UPDATE 1-UAE's Jaber urges methane emissions phase-out by 2030,MAY 10 2023,The United Arab Emirates' COP28 president designate Sultan al-Jaber said on Wednesday the oil and gas industry should phase out its methane emissions by 2030 and that investment in technology was needed to develop carbon alternatives.,"Jaber was speaking in Abu Dhabi at the inaugural UAE Climate Tech conference.The UAE is hosting the climate summit in December.Jaber also renewed calls for a tripling of renewable energy capacity to 11,000 gigawatts by 2030 and then doubling that again by 2040, but added that renewable energy was not the only answer to climate change.""If we are serious about curbing industrial emissions, we need to get serious about carbon capture technologies,"" Jaber told a crowd of more than 1,000 participants drawn from technology companies, major industries, finance and government.Jaber, who also heads the state oil giant ADNOC, has argued since his appointment this year for a more inclusive approach to climate action that leaves no one behind, including the fossil fuel industry.His COP28 presidency involves shaping the conference agenda and negotiations between governments.""For nearly five months and as part of our preparations for COP28, my team and I have been proactively engaging on a listening tour where I heard many voices from the global south, major economies, civil society and the business community,"" he said.""What is missing is a holistic, unifying ecosystem that brings all the key players together"".Our Standards: The Thomson Reuters Trust Principles.",https://www.reuters.com/article/emirates-environment/update-1-uaes-jaber-urges-methane-emissions-phase-out-by-2030-idUSL1N3770HD
