,Topic,News Headline,News Date,News Summary,Full News Article,URL
0,technologySector,UPDATE 1-YouTube to launch its first official shopping channel in South Korea -Yonhap,JUN 21 2023,"YouTube will launch its first official shopping channel for live commerce in South Korea on June 30, Yonhap news agency reported on Wednesday.","South Korea already has a booming live-streaming commerce business led by tech giant Naver (035420.KS), making it a prime test market for the global heavyweight as the Alphabet-owned (GOOGL.O) company focuses on becoming more ""shoppable"".The new channel will operate in Korean language and will start as a 90-day project. In the beginning it will provide a live-commerce platform to companies and plans to livestream shopping content from about 30 brands, Yonhap and other Korean media said, citing people familiar with the matter.It is YouTube's first official shopping channel in any country, Yonhap said.""We may experiment with a variety of YouTube Shopping features from time to time,"" a YouTube spokesperson said, without elaborating.With YouTube's ad revenue affected by advertisers curtailing spending and competition from platforms like TikTok, Google's Chief Business Officer Philipp Schindler said in February there was ""lots of potential in making it easier for people to shop from the creators, brands and content they love"".Shares in Naver fell 4% on Wednesday morning, while retailer Lotte Shopping (023530.KS) fell 3.3%, versus the wider market's (.KS11) 0.5% drop.South Korea's live commerce market is projected to grow to 10 trillion won ($7.7 billion) this year from 2.8 trillion won in 2021, with Naver currently holding about 60% market share, according to Kyobo Securities.($1 = 1,291.1600 won)Our Standards: The Thomson Reuters Trust Principles.",https://www.reuters.com/article/youtube-southkorea/update-1-youtube-to-launch-its-first-official-shopping-channel-in-south-korea-yonhap-idUSL1N38D09E
1,technologySector,Ant Group confirms it is working on own AI large language model,JUN 20 2023,"A technology research and development team at China's Ant Group is developing its own large-language model (LLM), internally called Zhenyi, a spokesperson said on Wednesday, confirming reports in Chinese media.","There was no further information on the public unveiling of the model, however.Chinese organisations have launched 79 large-language models (LLMs) dometically over the last three years, doubling down on efforts to develop artificial intelligence (AI) algorithms, state-run research institutes said last month in a report.Our Standards: The Thomson Reuters Trust Principles.",https://www.reuters.com/article/ant-group-ai/ant-group-confirms-it-is-working-on-own-ai-large-language-model-idUSB9N387000
2,technologySector,YouTube to launch its first official shopping channel in South Korea -Yonhap,JUN 20 2023,"YouTube will launch its first official shopping channel for live commerce in South Korea on June 30, Yonhap news agency reported on Wednesday.","South Korea already has a booming live-streaming commerce business led by tech giant Naver (035420.KS), making it a prime test market for the global heavyweight as the Alphabet-owned (GOOGL.O) company focuses on becoming more ""shoppable"".The new channel will operate in Korean language and will start as a 90-day project. In the beginning it will provide a live-commerce platform to companies and plans to livestream shopping content from about 30 brands, Yonhap and other Korean media said, citing people familiar with the matter.It is YouTube's first official shopping channel in any country, Yonhap said.""We may experiment with a variety of YouTube Shopping features from time to time,"" a YouTube spokesperson said, without elaborating.With YouTube's ad revenue affected by advertisers curtailing spending and competition from platforms like TikTok, Google's Chief Business Officer Philipp Schindler said in February there was ""lots of potential in making it easier for people to shop from the creators, brands and content they love"".Shares in Naver fell 4% on Wednesday morning, while retailer Lotte Shopping (023530.KS) fell 3.3%, versus the wider market's (.KS11) 0.5% drop.South Korea's live commerce market is projected to grow to 10 trillion won ($7.7 billion) this year from 2.8 trillion won in 2021, with Naver currently holding about 60% market share, according to Kyobo Securities.($1 = 1,291.1600 won)Our Standards: The Thomson Reuters Trust Principles.",https://www.reuters.com/article/youtube-southkorea/youtube-to-launch-its-first-official-shopping-channel-in-south-korea-yonhap-idUSL4N38D0QM
3,technologySector,South Korean shares extend losses ahead of Powell testimony,JUN 20 2023,Round-up of South Korean financial markets:,,https://www.reuters.com/article/southkorea-markets-midday/south-korean-shares-extend-losses-ahead-of-powell-testimony-idUSL1N38D06L
4,technologySector,Japan's Nikkei rises on dip-buying; SoftBank Group leads gains,JUN 20 2023,"Japan's Nikkei share average recovered from early losses to rise on Wednesday as investors bought stocks on dips, with SoftBank Group and chip-related shares leading the gain.",,https://www.reuters.com/article/japan-stocks-midday/japans-nikkei-rises-on-dip-buying-softbank-group-leads-gains-idUSL4N38D0NL
5,technologySector,UPDATE 3-Australia's competition tribunal blocks Telstra-TPG Telecom network deal,JUN 20 2023,"The Australian Competition Tribunal (ACT) upheld a decision to block an asset transfer deal between wireless internet firms Telstra Group and TPG Telecom , the companies said on Wednesday, in a ruling that sent TPG shares down 11%.","Under the deal announced in February 2022, Telstra would have bought spectrum - airwaves which carry wireless internet - and transmission towers from TPG, while TPG would have kept selling 4G and 5G coverage using Telstra infrastructure.The Australian Competition and Consumer Commission (ACCC) had ruled against the plan in December, much to the delight of Optus, the country's No. 2 wireless internet provider owned by Singapore Telecommunications (STEL.SI).The ACCC is the country's competition regulator, while the ACT is a federal court body that typically reviews appeals of the regulator's decisions.The Tribunal noted that the proposed arrangements would give Telstra substantial benefits and increase its market strength on the retail and wholesale mobile markets, and would undermine Optus' incentives to invest in 5G technology, ACCC said in a statement.Over time, this would weaken the competitive constraint on Telstra, and lead to increased prices and margins, the regulator said.TPG said it would review the tribunal's decision before considering its options for further appeal, including a judicial review in the Federal Court.Both TPG and Telstra expressed disappointment at the outcome. Telstra shares were up 0.7% in early trade, while TPG's shares fell as much as 10.8%, the biggest intraday decline since August 2022.""At the moment, we're limited in the amount of spectrum we can buy at auction and, as today's result shows, limited in the type of commercial arrangements we can put in place to improve services for our customers,"" Telstra CEO Vicki Brady said.Optus, which had previously opposed the deal on the grounds it would build Telstra's market dominance, said it welcomed the tribunal's decision.""We are delighted that the tribunal has upheld the ACCC's original decision to block this anti-competitive arrangement,"" Optus CEO Kelly Bayer Rosmarin said.Commpete, an advocacy group largely consisting of regional internet providers, said it was also pleased with the ruling.""The tribunal's decision was a decisive move for competition in the sector,"" Commpete Chair Michelle Lim said. ""This deal would have handed a dominant provider control over mobile pricing, service availability and service standards in the middle of a cost-of-living crisis.""Our Standards: The Thomson Reuters Trust Principles.",https://www.reuters.com/article/telstra-group-tpg-telecom-regulator/update-3-australias-competition-tribunal-blocks-telstra-tpg-telecom-network-deal-idUSL4N38D02E
6,technologySector,"SoftBank to shift its stance to 'offence mode', says CEO Son",JUN 20 2023,"SoftBank Group CEO Masayoshi Son said on Wednesday that his tech investing conglomerate plans to shift its stance to ""offence mode"".","The group had retreated into a defensive stance, curbing investment activity as it booked heavy investment losses at its Vision Fund investing arm.""The time has come to shift to offence mode,"" Son told shareholders at the group's annual general meeting.SoftBank reported a net loss of 970 billion yen ($6.85 billion) for the year ended March 31, cushioning losses at the Vision Fund unit by selling down its stake in Alibaba (9988.HK).Chief Financial Officer Yoshimitsu Goto last month said that the group wants to ensure it does not miss investment opportunities, moderating its previous emphasis on defence.SoftBank's liquid assets, which include cash, cash equivalents and an undrawn commitment line, rose to 5.1 trillion yen at March-end compared to 2.9 trillion yen a year earlier.Son, who has stepped back from public pronouncements in recent months, spent much of his presentation to a loyal retail investor base on Wednesday speaking about his enthusiasm for AI.Son said he asked ChatGPT, the AI-powered chatbot from startup OpenAI, to write new adventures for Astro Boy, the classic manga series by Tezuka Osamu.""It creates as if it was human,"" he said.The billionaire said he has spent the last eight months creating inventions that he believes can be realised through the conglomerate's chip designer Arm.""We want to bring these inventions to fruition step by step. Arm is the key,"" he said.SoftBank aims to list Arm on Nasdaq later this year and is seeking to raise between $8 billion and $10 billion, Reuters has reported. Arm is in talks with companies including Intel (INTC.O) about potential participation in the IPO.SoftBank shares closed up 3.7% and have gained 22.9% year todate.Observers debate the ability of Son, who suffered high-profile stumbles such as his backing for office-sharing firm WeWork, to pick winners in an economy expected to be increasingly powered by AI.Son said he invested in companies that he thought would succeed in an AI-driven society and, while there have been failures, he believes enough of his portfolio companies will succeed.""If you have one or two out of a hundred smash hit, that will pay back everything,"" Son said.""I think at least I have found more than several of them ... I think that's enough.""($1 = 141.5900 yen)Our Standards: The Thomson Reuters Trust Principles.",https://www.reuters.com/article/softbank-group-agm/softbank-to-shift-its-stance-to-offence-mode-says-ceo-son-idUSL1N38D042
7,technologySector,"UPDATE 2-Modi visits US to deepen ties, says no doubting India's position on Ukraine",JUN 20 2023,Indian Prime Minister Narendra Modi arrived in the United States on Tuesday for a state visit that has been projected as a milestone in ties between the two countries that would deepen and diversify their partnership.,"Modi has been to the U.S. five times since becoming prime minister in 2014, but his visit until Saturday will be his first with the full diplomatic status of a state visit.It also marks only the third state visit of Joe Biden's presidency and the third by an Indian leader to the U.S., a sign of the strengthening bond between Washington and New Delhi and the distance they have traveled since being on opposite sides of the Cold War.Modi landed on Tuesday afternoon in New York, where he has business meetings and will mark International Day of Yoga on Wednesday before heading to Washington. There he has a private dinner with Biden on Wednesday, followed by talks at the White House and a state dinner on Thursday.The visit is expected to see the two countries expand cooperation in the defense industry and high-tech sectors, with India getting access to critical American technologies that Washington rarely shares with non-allies.""This special invitation is a reflection of the vigor and vitality of the partnership between our democracies,"" Modi said in a statement before departure.""I will also meet some of the leading CEOs to discuss opportunities for elevating our trade and investment relationship and for building resilient global supply chains.""Modi met on Tuesday with Tesla TSLA.O Chief Executive Elon Musk, who was to brief him on plans to set up an electric vehicle manufacturing base in India, a source with direct knowledge of the arrangement told Reuters.""It was excellent and a very good conversation,"" Musk said after meeting Modi, adding he planned to visit India next year.""I am confident Tesla will be in India and will do so as soon as humanly possible,"" Musk said when asked by reporters about a timeline.Tesla has had discussions with the Indian government about incentives for car and battery manufacturing and proposed establishing a factory in India to build electric vehicles, Reuters reported in May.Musk is also the executive chairman of Twitter, which has had run-ins with Modi's government.Last week, Twitter's co-founder Jack Dorsey said New Delhi threatened to shut it down in India unless the social network complied with orders to restrict accounts critical of the handling of farmer protests, a charge Modi's government called an ""outright lie"".The U.S. sees India as a vital partner in its efforts to push back against China's expanding influence worldwide, although some analysts question India's willingness to stand up collectively to Beijing over issues such as Taiwan. Washington is also concerned about India's unwillingness to condemn Russia's invasion of Ukraine.U.S. officials nevertheless see a stronger India that can defend its own interests and contribute to regional security in the Indo-Pacific as good for the United States.U.S. lawmakers invited Modi to address a joint meeting of Congress. It will be Modi's second such address, a rare honor for a leader once denied a visa to enter the United States over human rights concerns.Dozens of Biden's fellow Democrats on Tuesday urged him to raise human rights with Modi. The lawmakers said they were concerned about religious intolerance, press freedom, internet access and the targeting of civil society groups.Differences persist between Washington and New Delhi over Russia's invasion of Ukraine. India has not condemned Russia and urged both sides to resolve their differences through diplomacy.India remains dependent on old friend Moscow for its defense needs and has sharply increased its imports of cheap Russian oil, frustrating the West.Asked by the Wall Street Journal about U.S. criticism of India for not taking a more forceful stance against Russia over Ukraine, Modi said: ""I don't think this type of perception is widespread in the U.S.""""I think India’s position is well known and well understood in the entire world. The world has full confidence that India’s top-most priority is peace,"" he said in the interview published on Tuesday.Our Standards: The Thomson Reuters Trust Principles.",https://www.reuters.com/article/usa-india-modi/update-2-modi-visits-us-to-deepen-ties-says-no-doubting-indias-position-on-ukraine-idUSL1N38C2H2
8,technologySector,UPDATE 1-South Korea ordered to pay Elliott about $109 mln total over 2015 Samsung merger,JUN 20 2023,"The South Korean government has been ordered to pay hedge fund Elliott about $108.5 million, Elliott and the Ministry of Justice said on Tuesday, in an dispute settlement case stemming from the 2015 merger of two Samsung affiliates.","The tribunal at the Permanent Court of Arbitration in The Hague partly accepted Elliott Investment Management's claim for about $770 million, after the U.S. activist fund sued the South Korean government for the state-run National Pension Service's (NPS) role in approving the $8 billion merger between Cheil Industries and Samsung C&T.Elliott was a minority stakeholder in Samsung C&T and opposed the deal, deeming the terms of the merger unduly unfavourable to the company.The NPS, which approved the merger, held a larger stake in Samsung C&T and was viewed as a casting vote.In 2022, South Korea's Supreme Court confirmed a jail sentence for Moon Hyung-pyo, a former health and welfare minister, for pressuring the NPS into approving the merger in connection with a corruption scandal involving former South Korean President Park Geun-hye, who was removed from office.The arbitration tribunal ordered the South Korean government to pay Elliott about $53.6 million in damages, plus delayed interest, as well as $28.9 million in legal fees, the justice ministry said, without elaborating.The ministry said it would announce its future plans later. Elliott welcomed the decision in a statement, and urged South Korea to ""pay the ultimate award rather than pursue baseless legal proceedings to challenge the Tribunal's decision"".Our Standards: The Thomson Reuters Trust Principles.",https://www.reuters.com/article/southkorea-elliott-ruling/update-1-south-korea-ordered-to-pay-elliott-about-109-mln-total-over-2015-samsung-merger-idUSL1N38C3AD
9,technologySector,"UPDATE 1-Microsoft, Activision CEOs on witness list for hearing on FTC bid to block merger",JUN 20 2023,"Microsoft CEO Satya Nadella and Activision Blizzard CEO Bobby Kotick are among the witnesses planned for a five-day evidentiary hearing set to begin this week on the Federal Trade Commission's legal bid to block the deal, according to a court filing on Tuesday.","The FTC is seeking a preliminary injunction to block Microsoft from completing its $69 billion acquisition of Activision Blizzard. Microsoft has argued that if the court grants an injunction it would effectively kill the deal, which has a termination date of July 18 and contains a $3 billion termination fee that Microsoft would have to pay.The hearing will begin June 22 and progress through June 29.The FTC has argued the transaction would give Microsoft's video game console Xbox exclusive access to Activision games, leaving Nintendo (7974.T) consoles and Sony Group Corp's (6758.T) PlayStation out in the cold.Microsoft's bid to acquire the ""Call of Duty"" video game maker was approved by the EU in May, but British competition authorities blocked the takeover in April.The FTC is calling Nadella to testify about the video game industry, Microsoft Gaming’s strategy and business and the planned Activision acquisition, while Microsoft is calling him to testify about similar topics.Kotick will testify about Activision’s gaming business, future plans, and strategies. Other witnesses on the list include Sony Interactive Entertainment CEO James Ryan and Dov Zimring, former director of product management for the now shuttered gaming service Stadia at Alphabet's Google LLC (GOOGL.O).Also testifying are two executives from Nvidia Corp.Microsoft Chief Financial Officer Amy Hood, Microsoft Gaming CEO Phil Spencer and Microsoft Gaming CFO Tim Stuart are also scheduled to testify, as are a number of expert witnesses.Our Standards: The Thomson Reuters Trust Principles.",https://www.reuters.com/article/activision-ma-microsoft-court/update-1-microsoft-activision-ceos-on-witness-list-for-hearing-on-ftc-bid-to-block-merger-idUSL1N38C33J
