,Topic,News Headline,News Date,News Summary,Full News Article,URL
0,technologySector,INDIA STOCKS-IT stocks spur fall in Indian shares on rising recession fears,APR 13 2023,"Indian shares were marginally lower on Thursday, as IT stocks weighed after weak quarterly earnings and a cautious outlook from top IT firm TCS Ltd, and on rising concerns of a ""mild recession"" in the U.S.","The Nifty 50 (.NSEI) settled up 0.09% to 17,828, while the S&P BSE Sensex (.BSESN) gained 0.06% to 60,431.Nine of the 13 major sectoral indexes advanced. The benchmarks extended gains for the ninth session in a row and their third consecutive week.Indian markets will be closed on Friday for a local holiday.The decline in high-weightage IT (.NIFTYIT), which lost over 2%, offset gains in financials (.NIFTYFIN), which rose nearly 1%.Infosys Ltd (INFY.NS), Tech Mahindra Ltd (TEML.NS), and HCL Tech Ltd (HCLT.NS) fell more than 2% each, and were the top losers in the Nifty 50 index.IT stocks fell after TCS flagged concerns of deferred spending and near-term uncertainty in its banking, financial services and insurance (BFSI) segment.The company reported nearly 15% year-on-year growth in net profit in the March quarter, topping estimates.Analysts said unexpected weakness in the BFSI segment in the U.S. weighed on TCS' results.""Outlook is clouded by client caution driving cuts to discretionary tech spends,"" according to JP Morgan.Infosys will report its fourth-quarter earnings later on Thursday.""Slowdown is a reality, expect subdued demand outlook on near-term tech spending,"" three analysts at Kotak Institutional Equities said in a note.""Recent events in U.S. regional banks have induced greater caution (about) spending.""The U.S. Federal Reserve's projection of a mild recession later this year added to concerns about clients' spending cuts in the IT sector and weighed on sentiment.Among other stocks, AU Small Finance Bank Ltd (AUFI.NS) surged 17% on Reserve Bank of India's approval for the reappointment of its managing director and CEO.($1 = 82.0400 Indian rupees)Our Standards: The Thomson Reuters Trust Principles.",https://www.reuters.com/article/india-stocks/india-stocks-it-stocks-spur-fall-in-indian-shares-on-rising-recession-fears-idUSL4N36G0Z6
1,technologySector,Tech giants drag Hang Seng lower as shareholders dump stocks,APR 13 2023,"Hong Kong stocks fell on Thursday, as major shareholders of Alibaba and Tencent moved to slash their holdings in the two Chinese tech giants, with lingering geopolitical tensions keeping investor sentiment weak.",,https://www.reuters.com/article/china-stocks-midday/tech-giants-drag-hang-seng-lower-as-shareholders-dump-stocks-idUSL1N36G06I
2,technologySector,Apple now makes almost 7% of its iPhones in India - Bloomberg News,APR 13 2023,"Apple Inc has significantly increased its production of iPhones in India, accounting for almost 7% of its total iPhone production, up from 1% in 2021, Bloomberg News reported on Thursday.","The company assembled more than $7 billion worth of iPhones in the country in the last fiscal year, the report said.Apple did not immediately respond to a Reuters request for comment.Our Standards: The Thomson Reuters Trust Principles.",https://www.reuters.com/article/apple-india-iphone/apple-now-makes-almost-7-of-its-iphones-in-india-bloomberg-news-idUSL4N36G0XZ
3,technologySector,UPDATE 1-China concerned about Japan's plan to curb chipmaking gear exports,APR 13 2023,"China is highly concerned about Japan's plan to put export curbs on 23 types of semiconductor manufacturing equipment, Wang Shouwen, a Chinese vice commerce minister, said.","The comments were made on Wednesday during a meeting with Japan's ambassador, Hideo Tarumi, in Beijing.In a commerce ministry statement on Thursday, Wang urged Japan to follow World Trade Organization rules to maintain stability of global supply chains.Japan recently said it would restrict the chip equipment exports, aligning its technology trade controls with a U.S. push to curb China's ability to make advanced chips.The two officials also exchanged views on a number of hot-button topics, including the arrest of Japanese nationals in China, the Comprehensive and Progressive Agreement for Trans-Pacific Partnership (CPTPP) and the lifting of import restrictions on Japanese-made food as soon as possible.Our Standards: The Thomson Reuters Trust Principles.",https://www.reuters.com/article/china-japan-chips/update-1-china-concerned-about-japans-plan-to-curb-chipmaking-gear-exports-idUSL1N36G07D
4,technologySector,China concerned at Japan's plan to curb exports of chipmaking gear,APR 12 2023,"China is highly concerned at Japan's plan to put export curbs on 23 types of semiconductor manufacturing equipment, Wang Shouwen, a Chinese vice commerce minister, said.","The comments were made on Wednesday during a meeting with Japan's ambassador, Hideo Tarumi, in Beijing.In a commerce ministry statement on Thursday, Wang urged Japan to follow World Trade Organization rules to maintain stability of global supply chains.Japan recently said it would restrict the chip equipment exports, aligning its technology trade controls with a U.S. push to curb China's ability to make advanced chips.The two officials also exchanged views on a number of hot-button topics, including the arrest of Japanese nationals in China, the Comprehensive and Progressive Agreement for Trans-Pacific Partnership (CPTPP) and the lifting of import restrictions on Japanese-made food as soon as possible.Our Standards: The Thomson Reuters Trust Principles.",https://www.reuters.com/article/china-japan-chips/china-concerned-at-japans-plan-to-curb-exports-of-chipmaking-gear-idUSK7N36101W
5,technologySector,Apple in talks with suppliers to make MacBooks in Thailand - Nikkei,APR 12 2023,"Apple Inc is in talks with suppliers to make MacBooks in Thailand as the company continues to expand its manufacturing footprint outside of China, Nikkei reported on Thursday.","Suppliers involved in the talks already have manufacturing complexes in Thailand for other clients and are discussing possible assembly and production of components and modules for MacBooks, sources from three suppliers involved in the talks with Apple told Nikkei.Apple has also been mass producing its Apple Watch in Thailand for more than a year, according to the report.The iPhone maker did not immediately respond to a Reuters request for comment.At least 18 suppliers including Compal Electronics Inc (2324.TW), Sony Group Corp (6758.T) and Western Digital Corp (WDC.O) have operations in Thailand, according to Apple's latest supplier list.Apple and its key suppliers have been shifting production away from China, where strict COVID-19 curbs disrupted Foxconn's (2317.TW) biggest iPhone factory last year.Apple is also seeking to avoid a hit to its business due to tensions between Beijing and Washington.Separately, Bloomberg News reported on Thursday that the company has tripled its production of iPhones in India, assembling over $7 billion worth of smartphones in the country in the last fiscal year.There has been a significant increase in Apple's production in India as it attracts more new customers in the Asian country and shifts production from China, TechInsights industry analyst Abhilash Kumar said.Foxconn said last month it plans to ramp up investment outside of China. Pegatron Corp (4938.TW), another Apple supplier, was in talks to open a second India factory, Reuters reported last month.Our Standards: The Thomson Reuters Trust Principles.",https://www.reuters.com/article/apple-thailand-macbook/apple-in-talks-with-suppliers-to-make-macbooks-in-thailand-nikkei-idUSL4N36G0KN
6,technologySector,REFILE-UPDATE 5-Judge sanctions Fox for withholding evidence in Dominion $1.6 bln defamation case,APR 12 2023,"The judge overseeing the $1.6 billion defamation lawsuit by Dominion Voting Systems on Wednesday sanctioned Fox News, handing the ballot-machine company a fresh chance to gather evidence after Fox withheld records until the eve of trial, a person present during Wednesday's court hearing said.","Delaware Superior Court Judge Eric Davis said he would also very likely tap an outside investigator to probe Fox's late disclosure of the evidence and take whatever steps necessary to remedy the situation, which he described as troubling, the person said.It was not immediately clear whether Dominion would seek new depositions.Fox said in a statement that it ""produced the supplemental information"" to Dominion ""when we first learned it.""The evidence at issue included recordings a former Fox employee made of Rudy Giuliani, a lawyer for former President Donald Trump, saying before pre-taped Fox appearances that he did not have any evidence to back up the false allegations of election rigging by Dominion in the 2020 race that are at the heart of the lawsuit.Jury selection is set to begin in the case on Thursday. Dominion sued Fox News and parent company Fox Corp (FOXA.O) in 2021. It accused them of ruining its reputation by airing false claims by Trump and his lawyers that the Denver-based company's voting machines were used to rig the outcome of the election against him and in favor of Democrat Joe Biden.In sanctioning Fox, Davis ruled that if Dominion now needs to conduct additional depositions or redo any already done, that ""Fox will do everything they can to make the person available, and it will be at a cost to Fox,"" according to a report in the New York Times.The judge took his action based on details from a new filing in a separate lawsuit against Fox by Abby Grossberg, a former producer at the network.Grossberg said in her latest filing that she has tapes of former Trump lawyers, including Giuliani, conceding they lacked evidence for their claims. The recordings and transcripts of them were widely circulated and discussed within Fox, Grossberg added.Davis said in a pretrial conference on Tuesday that Fox News had a ""credibility problem"" after it disclosed for the first time in nearly two years of litigation that Rupert Murdoch was an officer of the company. As a Fox News officer, Murdoch would likely have been subject to more probing discovery by Dominion.A Fox spokesperson said in a statement on Tuesday that Murdoch has been listed as executive chairman of Fox News in Securities and Exchange Commission filings since 2019, and that a Dominion attorney referenced that filing during Murdoch's deposition.He is expected to be called to the witness stand as soon as Monday, Bloomberg reported Wednesday, citing people familiar with the matter.Fox has argued that its coverage of the vote-rigging claims was inherently newsworthy and protected by the U.S. Constitution's First Amendment guarantee of press freedom.(This story has been refiled to add the dropped word 'billion' in the headline)Our Standards: The Thomson Reuters Trust Principles.",https://www.reuters.com/article/usa-fox-dominion-sanction/refile-update-5-judge-sanctions-fox-for-withholding-evidence-in-dominion-1-6-bln-defamation-case-idUSL1N36F2HC
7,technologySector,UPDATE 6-Warner Bros Discovery unveils revamped 'Max' in push for streaming growth,APR 12 2023,"BURBANK, Calif., April 12 - Warner Bros Discovery Inc on Wednesday said it will launch on May 23 its long-awaited new streaming service, christened ""Max"", combining HBO Max's scripted entertainment with Discovery's reality shows.","The service will seek to expand its reach beyond devotees of HBO's acclaimed and edgy shows by incorporating unscripted fare and children's programming.It also will mine the studio's rich content library to produce high-profile programming, including a new series based on the Harry Potter books by author J.K. Rowling, and another prequel to popular fantasy series ""Game of Thrones.""Warner Bros, Walt Disney Co (DIS.N) and other media companies are seeking to strike the right balance between spending on fresh programming to attract and retain subscribers and turning a profit.Shares in Warner Bros Discovery closed down nearly 6%, part of a broader decline in streaming stocks after critical remarks from renowned investor Warren Buffett.""It’s not really a very good business,"" Buffett said on CNBC television. While people working in entertainment ""make lots of money, the shareholders really haven’t done that great over time"".Buffett is an investor in Paramount Global, which dropped 3% on Wednesday. Disney fell 2.5% and Netflix was down 2%.The new ""Max"" service will serve as a test of CEO David Zaslav's ambition to create one of the world's leading streaming services by assembling a collection of disparate assets, from the Barefoot Contessa cooking show to Batman.""This is our time, this is our chance,"" Zaslav said during a presentation held on the Warner studio lot in Burbank, California. ""I feel like for our company, this is our rendezvous with destiny.""Prices for Max would range $9.99 a month for the ad-supported version to $19.99 a month for ""Max Ultimate"" for the ad-free tier with four concurrent streams. One tier would retain the current HBO Max pricing of $15.99 a month - a strategy that won praise from one media analyst.""By keeping the pricing the same, except for the new premium tier, there's no reason for anybody to churn off,"" said Bank of America media analyst Jessica Reif Ehrlich. ""For the same price you’re getting multiples of content.""Zaslav said HBO's ""one-of-a-kind storytelling"" would bring subscribers to the service while Discovery's unscripted programming would keep them.Warner Bros Discovery eliminated ""HBO"" from the name of the streaming service, which for some viewers connotes bespoke series but repels others.Global streaming chief J.B. Perrette said, ""HBO is HBO"" and it ""should not be pushed to the breaking point"" by taking on a wide variety of content offered by HBO and Discovery.""We look to go broader,"" Perrette said, ""And we think we can compete with the biggest players in the space.""The service will feature HBO content including multiple Emmy award-winning drama series ""Succession"" and hit video-game adaptation ""The Last of Us.""It will also have several new titles based on popular franchises, including ""The Penguin,"" a series based on the DC Comics villain, a new comedy series derived from the hit CBS show ""The Big Bang Theory,"" and a new installment in the ""Fixer Upper"" home improvement franchise, ""Fixer Upper: The Hotel.""CEO Zaslav has said Warner Bros films would enjoy a traditional theatrical release and reap box office proceeds before becoming available on the streaming service.The opportunity to better capitalize on the streaming video revolution was one of the justifications for the merger of Discovery and WarnerMedia in 2022.But by the time the deal closed in April last year, Wall Street's enthusiasm for streaming had begun to wane, as Netflix (NFLX.O) reported its first loss of subscribers in more than a decade. Investors began prioritizing profits over subscriber gains, ushering in a new frugality across Hollywood.Like other media companies, Warner Bros Discovery has yet to turn a profit on its HBO Max and Discovery+ streaming services, though the company has reduced losses from them.It has set a subscriber goal of 130 million by 2025, well below Netflix's 231 million subscribers.Our Standards: The Thomson Reuters Trust Principles.",https://www.reuters.com/article/warner-bros-discovery-streaming/update-6-warner-bros-discovery-unveils-revamped-max-in-push-for-streaming-growth-idUSL4N36F3NI
8,technologySector,Brazil could suspend social media sites over school violence content,APR 12 2023,"Brazil could fine or suspend social media companies that do not effectively regulate content related to school violence, Justice Minister Flavio Dino said on Wednesday.","The new measures, set to be published through an ordinance on Wednesday, seek to curb threats of school violence in the country, which have soared after two separate attacks left five dead in recent weeks.""If there is no compliance, the process to apply sanctions will go ahead,"" Dino told a press conference, adding that the new measures, which could range from fines to suspensions, are in line with national law.A 2014 Brazilian law rules that internet companies are not responsible for content that users post unless they fail to comply with a court order to remove the content. The Supreme Court is currently discussing this law's scope and validity.In March, Meta Platforms (META.O) and Alphabet's Google (GOOGL.O) appeared before Brazil's Supreme Court to defend the law, while the government looks to expand regulation over social networks.Dino said Brazil's consumer secretariat will immediately start determining each company's responsibility in proactively regulating harmful content to students.In view of the ""crisis situation,"" Dino said the secretariat will ask the platforms to report on adopted measures and protocols.Last week, a man armed with a small axe killed four children in a daycare center in southern Brazil. The week before, a teenager stabbed his teacher to death in Sao Paulo.Google, Meta, and Bytedance's TikTok did not immediately respond to a request for comment. Twitter sends a poop emoji as a standard response to the press.Kwai, a social network for short videos, said that it does not allow content of violence or apology for violence, adding that it is willing to collaborate and already notifies authorities when it detects signs of attack or imminent threats.Our Standards: The Thomson Reuters Trust Principles.",https://www.reuters.com/article/brazil-internet-violence/brazil-could-suspend-social-media-sites-over-school-violence-content-idUSL1N36F2XL
9,technologySector,SoftBank to sell nearly all its stake in Alibaba - FT,APR 12 2023,"SoftBank has moved to sell almost all of its remaining shares in Alibaba Group Holding Ltd , the Financial Times reported on Wednesday citing regulatory filings it had analyzed. (Reporting by Yuvraj Malik in Bengaluru; Editing by Krishna Chandra Eluri)","The sale would come as valuations of China's big tech firms have started recovering this year after an end to two years of heightened regulatory scrutiny, providing a window for long-time investors such as SoftBank to reduce exposure to an economy battered by strict pandemic policies and Sino-U.S. tension.SoftBank's share price closed down 1% on Thursday, versus a 0.3% rise in the broader market (.N225). Alibaba, one of the most valuable assets in SoftBank's portfolio, tumbled as much as 5.2% in Hong Kong and closed down about 2%.Tencent Holdings Ltd's (0700.HK) shares plunged on Wednesday after the social media giant's top shareholder Prosus NV (PRX.AS) said it may sell more of its shares, underscoring selling pressure on Chinese tech names.SoftBank has been seeking ways to monetise its stake in Alibaba, which the Japanese conglomerate bought into more than two decades ago by spending just $20 million.""They have been clear that ... they need to monetise profitable holdings,"" Jon Withaar, head of Asia special situations at Pictet Asset Management, said of SoftBank.""Perhaps some expected that they may slow the pace of their selling in now that their Arm IPO is moving closer to completion, but ultimately everything they are doing is within the scope of what they have told the market.""Neither SoftBank nor Alibaba responded to Reuters' requests for comment.SoftBank aims to list British chip designer Arm this year in an initial public offering (IPO) that would raise at least $8 billion, people familiar with the deal told Reuters last month.On Wednesday, the FT said forward sales based on filings at the U.S. Securities and Exchange Commission showed SoftBank's Alibaba stake would eventually fall to 3.8% from almost 15%.""The positions were already hedged when forward contracts were signed, so there is no more impact on public market,"" 86Research analyst Xiaoyan Wang said.The Japanese group, led by billionaire founder Masayoshi Son, has sold about $7.2 billion worth of Alibaba shares this year through prepaid forward contracts, the newspaper said.SoftBank said the transactions reflected a shift to ""defensive mode"" to address an uncertain business environment and that it would provide details in its quarterly earnings results announcement in May, the British newspaper reported.""China's regulatory environment in the internet sector turned drastically tougher in recent years, and this is SoftBank simply responding to the changing environment, as it has already been doing,"" said SBI Securities analyst Shinji Moriyuki. ""It is well within the realms of expectations that the proportion of Chinese shares among its total investment will shrink further.""SoftBank booked a $34 billion gain last year by cutting its Alibaba stake to 14.6% from 23.7%, as the firm sought to shore up cash reserves amid steep losses incurred by its Vision Fund.Vision Fund, which upended the tech world with big bets on startups, posted a staggering 8 trillion yen ($60.45 billion)loss in calendar 2022 as market turmoil slashed portfolio firms' valuations, prompting SoftBank to raise cash.At the time, it also used prepaid forward contracts - a type of derivative contract that allows investors to hedge risk.In New York, Alibaba's shares were up 3% as analysts noted that the stake sale was more due to SoftBank's circumstances.Alibaba has lost more than two-thirds of its value from highs touched in late 2020, hit by increased regulatory action in the technology sector that included a hefty fine on Alibaba and scrutiny of founder Jack Ma's business empire.The Chinese firm plans to split into six units and explore fundraisings or listings for most of them, marking the biggest restructuring in its 24-year history.($1 = 132.3500 yen)Our Standards: The Thomson Reuters Trust Principles.",https://www.reuters.com/article/alibaba-stock-softbank/softbank-to-sell-nearly-all-its-stake-in-alibaba-ft-idUSL4N36F43R
