,Topic,News Headline,News Date,News Summary,Full News Article,URL
0,technologySector,Mystery Chinese spacecraft returns to Earth after 276 days,MAY 07 2023,"An experimental Chinese spacecraft returned to Earth on Monday after staying in orbit for 276 days, China's state media reported, completing a landmark mission to test the country's reusable space technologies.","The uncrewed spacecraft returned to the Jiuquan launch centre in northwest China on Monday as scheduled, according to state media.No details were given on what the spacecraft was, what technologies were tested, how high it flew, and where its orbits had taken it since its launch in early August 2022. Images of the craft have also yet to be released to the public.The test marks an ""important"" breakthrough in China's research into reusable spacecraft technology that will provide a more convenient and inexpensive way to mount future space missions, state media reported.In 2021, what may have been a similar spacecraft flew to the edge of space and returned to Earth on the same day in a mission that was also kept largely under wraps. It landed on Earth ""horizontally,"" according to China's main space contractor at the time.Commentators on Chinese social media have speculated that Beijing has been developing a spacecraft like the U.S. Air Force's X-37B, an autonomous spaceplane that can remain in orbit for years.The uncrewed and reusable X-37B returned to Earth in November last year in its sixth and latest mission, after more than 900 days in orbit.Our Standards: The Thomson Reuters Trust Principles.",https://www.reuters.com/article/space-exploration-china/mystery-chinese-spacecraft-returns-to-earth-after-276-days-idUSL4N3750JL
1,technologySector,"Indonesia, Malaysia c.banks launch agreement on cross-border QR payments",MAY 07 2023,"Central banks of Indonesia (BI) and Malaysia launched on Monday an agreement on the cross-border use of quick response (QR) code based payments, Indonesian officials said.",,https://www.reuters.com/article/indonesia-malaysia-payment/indonesia-malaysia-c-banks-launch-agreement-on-cross-border-qr-payments-idUSP8N34403I
2,technologySector,"South Korean shares up nearly 1% by midday, tracking Wall Street gains",MAY 07 2023,Round-up of South Korean financial markets:,,https://www.reuters.com/article/southkorea-markets-midday/south-korean-shares-up-nearly-1-by-midday-tracking-wall-street-gains-idUSL4N3750IE
3,technologySector,Binance again temporarily closes bitcoin withdrawals,MAY 07 2023,"Cryptocurrency exchange Binance again temporarily closed bitcoin withdrawals late on Sunday, after briefly pausing withdrawals earlier in the day.","Late on Sunday and again early on Monday the world's biggest crypto exchange shut bitcoin withdrawals saying there was a glut of pending transactions because it hadn't offered so-called miners a high enough reward to log the trades on the blockchain.The halt pushed bitcoin lower though its losses were marginal, with the cryptocurrency last down about 1% to $28,162, its lowest in nearly a week.""Our set fees did not anticipate the recent surge in (bitcoin) network gas fees,"" Binance said in a tweet. ""We're replacing the pending bictoin withdrawal transactions with a higher fee so that they get picked up by mining pools.""Gas fees refer to payments made to crypto miners whose computing power processes transactions on the blockchain.""If the withdrawal amount is large, the gas fee required to process the transaction may also be large, especially during times of high network congestion,"" Joshua Chu, group chief risk officer at blockchain technology group XBE, Coinllectibles and Marvion.""We need more information as to what has led to the large withdrawals."" After an hour-long stoppage late on Sunday and several hours on Monday, Binance said withdrawals resumed.""To prevent a similar recurrence ... our fees have been adjusted."" In a separate tweet Binance denied there had been large outflows from the platform.In March, Binance had suspended deposits and withdrawals citing tech issues. Twenty-four hour trading volume on Binance was $6.9 billion according to analytics site CoinMarketCap, more than eight times the next-largest venue, Coinbase.Our Standards: The Thomson Reuters Trust Principles.",https://www.reuters.com/article/fintech-crypto-binance-bitcoin/binance-again-temporarily-closes-bitcoin-withdrawals-idUSL1N37501Y
4,technologySector,"Siemens, SAP say EU draft Data Act puts trade secrets at risk",MAY 07 2023,German business software maker SAP and German engineering company Siemens have joined U.S. tech giants in criticising draft EU laws on the use of data generated by smart gadgets and other consumer goods.,"EU countries and EU lawmakers are working on the details of the Data Act, proposed by the European Commission last year before it can be adopted as legislation.The draft law, covering EU consumer and corporate data, is part of a set of legislation aimed at curbing the power of U.S. tech giants and helping the EU to achieve its digital and green objectives.U.S. criticisms have included that the proposed law is too restrictive, while the German companies say a provision forcing companies to share data with third parties to provide aftermarket or other data-driven services could endanger trade secrets.""It risks undermining European competitiveness by mandating data sharing – including core know-how and design data – with not only the user, but also third parties,"" the companies wrote in a joint letter to Commission President President Ursula von der Leyen, EU antitrust chief Margrethe Vestager and EU industrial chief Thierry Breton.""Effectively, this could mean that EU companies will have to disclose data to third-country competitors, notably those not operating in Europe and against which the Data Act's safeguards would be ineffective,"" they said.Signatories to the letter dated May 4 and seen by Reuters included the chief executives of the two companies, Siemens Healthineers, German medical technology company Brainlab, German software company DATEV and lobbying group DIGITALEUROPE.The letter called for safeguards to allow companies to refuse requests to share data where trade secrets, cybersecurity, health and safety are at risk and that the scope of devices covered by the legislation should not be extended.The Commission confirmed receipt of the letter, saying it understood the importance of trade secrets but that companies should not use them as a pretext.""The Data Act isn't trying to change European or national law on trade secrets. However, it's important that trade secrets aren't used as an excuse for not sharing data,"" Johannes Bahrke told a daily news conference.""We have to find the balance there. And that's exactly what we're trying to do with the proposal on the Data Act. There are safeguards, so contractual and technical protections laid out in the Data Act,"" he said.Regarding a provision that allows customers to switch between different cloud providers, the companies said the legislation should preserve contractual freedom by allowing customers and providers to agree on contracts that work best for each business case.Our Standards: The Thomson Reuters Trust Principles.",https://www.reuters.com/article/eu-tech-dataact/siemens-sap-say-eu-draft-data-act-puts-trade-secrets-at-risk-idUSL1N37404X
5,technologySector,MORNING BID ASIA-Following Friday's feel-good factor,MAY 07 2023,A look at the day ahead in Asian markets from Jamie McGeever.,"Asian markets are set for a positive start to the week on Monday after strong U.S. jobs data on Friday soothed recession and banking sector fears, and sparked the best day for world equities in five months.The regional economic data calendar on Monday is light, with the final reading of Japanese purchasing managers index and Taiwanese trade for April the main releases.Monday's market tone will probably be set by the U.S. feel-good factor, boosted by surprisingly strong corporate earnings, and whether investors think the U.S. really will defy the odds and head for a soft landing.Federal Reserve Chair Jerome Powell, for one, is very optimistic: ""It's possible that this time is really different. The case of avoiding a recession is, in my view, more likely than having a recession,"" he said on Wednesday after raising the benchmark overnight interest rate by a quarter of a percentage point to a 16-year high.Two reports on U.S. credit conditions and loan demand on Monday and Tuesday will be more closely watched than usual, in light of the cumulative effect of the Fed's rate hikes and recent stress in the regional banking system.Asian market sentiment later in the week could be molded by a batch of Chinese economic indicators: trade, lending and money supply figures for April on Tuesday, and CPI inflation on Thursday.These reports will give investors a clearer insight into how well the region's largest economy is doing after abandoning its COVID-19 lockdown restrictions.The signs are mixed at best. The heavily indebted property sector remains under severe stress, April's PMI reports were soft, and the economic surprises index - at a 17-year high a few weeks ago - has now declined 13 days in a row.Economic momentum is clearly slowing.Technology giant JD.com (9618.HK) and China's largest chip foundry Semiconductor Manufacturing International Corp (0981.HK) both release first-quarter earnings on Thursday.Figures on Sunday, meanwhile, showed that China FX reserves rose $21 billion in April to $3.205 trillion, higher than expected and the highest since February last year.Potentially market-moving events later in the week include: G7 finance ministers meeting in Niigata, Japan from Thursday through Saturday, Bank of Japan minutes of its April 27-28 policy meeting on Wednesday, and the Bank of England's policy meeting on Thursday.Here are three key developments that could provide more direction to markets on Monday:- Japan services, composite PMI (April, final)- Australia business conditions index (April)- Taiwan trade (April)Our Standards: The Thomson Reuters Trust Principles.",https://www.reuters.com/article/global-markets-view-asia/morning-bid-asia-following-fridays-feel-good-factor-idUSL8N3740IM
6,technologySector,UPDATE 1-Binance resumes Bitcoin withdrawals after temporary closure,MAY 07 2023,Crypto exchange Binance said that it has resumed Bitcoin withdrawals after a brief closure due to a congestion issue.,"Binance had paused withdrawal of Bitcoin, the world's largest cryptocurrency, for more than an hour.Binance did not provide any further details on the issue.The world's largest crypto exchange on March suspended deposits and withdrawals on its platform due to technical issues that affected spot trading.Our Standards: The Thomson Reuters Trust Principles.",https://www.reuters.com/article/fintech-crypto-binance/update-1-binance-resumes-bitcoin-withdrawals-after-temporary-closure-idUSL1N37409Q
7,technologySector,Binance temporarily closes Bitcoin withdrawals due to congestion,MAY 07 2023,Crypto exchange Binance said on Sunday that it has temporarily closed Bitcoin withdrawals as the network is experiencing a congestion issue.,"Binance had paused withdrawal of Bitcoin, the world's largest cryptocurrency, for more than an hour.Binance did not provide any further details on the issue.The world's largest crypto exchange on March suspended deposits and withdrawals on its platform due to technical issues that affected spot trading.Our Standards: The Thomson Reuters Trust Principles.",https://www.reuters.com/article/fintech-crypto-binance/binance-temporarily-closes-bitcoin-withdrawals-due-to-congestion-idUSL4N37409Z
8,technologySector,Israel to boost energy storage with eye on facilitating Sabbath supplies,MAY 07 2023,"Israel approved on Sunday a plan to create an energy storage network in cities to produce off-peak electricity, which will also supply ""kosher"" electricity for ultra-Orthodox Jews observing the Sabbath.","Demand for stored energy is on the rise worldwide as a way to use solar power at night and to help shift to electricity-based transport.In Israel, with a new government that has strong religious representation, there is an added interest for ultra-Orthodox communities that strictly observe Jewish law, including restrictions on electricity use on Saturdays, the Jewish Sabbath.Observant Jews do not turn on electric appliances on Saturdays, though systems like air conditioners or water heaters can be turned on beforehand and run throughout the day.In some neighbourhoods generators are activated ahead of time and provide electricity for the day, which is expensive, polluting and can be dangerous, Israel's energy ministry says.""Storing electrical energy will be one way to allow the expansion of electricity production from renewable energies,"" said the ministry. ""At the same time, in Israel there are populations interested in consuming 'kosher electricity' that was not generated on Sabbath.""The government approved a pilot - a 24-megawatt battery facility - to store excess power from peak production times that will be drawn on by some 3,000 households in the city of Bnei Barak, an ultra-Orthodox enclave in central Israel.It will be built by state-owned Israel Electric Corp for up to 120 million shekels ($33 million) and privatised after three years. If successful, hundreds of megawatts in storage facilities will be built nationwide, the ministry said, without giving a timeframe.($1 = 3.6315 shekels)Our Standards: The Thomson Reuters Trust Principles.",https://www.reuters.com/article/israel-electricity/israel-to-boost-energy-storage-with-eye-on-facilitating-sabbath-supplies-idUSL8N3740AI
9,technologySector,UPDATE 2-Horse racing-Kentucky Derby favourite Forte scratched from race,MAY 06 2023,"Early favourite Forte has been scratched from the Kentucky Derby hours before post time for the first leg of U.S. thoroughbred racing's Triple Crown due to concerns about a bruised front foot, Churchill Downs said on Saturday.","The Todd Pletcher-trained dark bay colt had brought a five-race win streak to the 1-1/4-mile Kentucky Derby at Churchill Downs and was installed as the early 3-1 favourite.The decision to scratch Forte, who appeared to stumble during a gallop earlier in the week, was made by the Kentucky Horse Racing Commission state veterinarian.Forte was the fifth horse to scratch from Saturday's race, joining Practical Move, Lord Miles, Continaur and Skinner. The last time five horses were scratched from the Kentucky Derby was 1936 when 19 horses entered the race and 14 ran.Irad Ortiz Jr., who was scheduled to ride Forte, will now ride Cyclone Mischief, a bay colt trained by Dale Romans who replaced Practical Move in the field.The race, scheduled to begin at 6:57 p.m. ET (2257 GMT), will now feature 18 horses and has been overshadowed by the deaths of a number of horses in recent days.Seven deaths are being investigated by the Louisville racetrack, which said it is working with regulators after imposing an indefinite suspension on Saffie Joseph Jr., the trainer of two of the dead horses, Parents Pride and Chasing Artie.Two other horses died as a result of racing or training, including Derby entrant Wild On Ice and three-year-old filly Take Charge Briana, while Code of Kings was euthanized for injuries sustained after flipping several times in the paddock.Two more horses, Chloe's Dream and Freezing Point, had to be euthanized on Saturday after sustaining injuries in races leading up to the Kentucky Derby.Animal rights group PETA said on Saturday that, given the number of deaths, they had urged Churchill Downs to close the track in order to implement stronger safety protocols.""Although PETA appreciates that the Kentucky state veterinarian exercised caution by scratching the Derby favorite, we called for the closure of the track so stronger protocols could be put in place, said Senior Vice President Kathy Guillermo in a statement.""Churchill Downs should have listened.""Our Standards: The Thomson Reuters Trust Principles.",https://www.reuters.com/article/horseracing-kentucky/update-2-horse-racing-kentucky-derby-favourite-forte-scratched-from-race-idUSL1N3730A4
