,Topic,News Headline,News Date,News Summary,Full News Article,URL
0,worldNews,Ex-China central bank deputy head arrested for suspected bribery,JUN 20 2023,"BEIJING (Reuters) -A former deputy governor of China's central bank, Fan Yifei, has been arrested for suspected bribery, China’s top prosecutor said on Tuesday.","Fan, 59, is the highest-ranking official at the People's Bank of China to be arrested under President Xi Jinping's anti-graft drive in the past decade, in a campaign aimed at weeding out corrupt officials in the financial sector.The Supreme People's Procuratorate said in its statement it would prosecute Fan and the case was under further investigation.Reuters was not able to contact Fan for comment.Fan was expelled from the Communist Party and removed from his post this month for serious violations of discipline and the law, state media reported.The top anti-corruption watchdog said he had taken advantage of his position to make profits for others in loan financing and illegally accepting property, state media said.Our Standards: The Thomson Reuters Trust Principles.",https://www.reuters.com/article/china-pboc-arrest/ex-china-central-bank-deputy-head-arrested-for-suspected-bribery-idUSKBN2Y60BG
1,worldNews,"Singapore tops list of costliest cities for goods, services aimed at the wealthy",JUN 20 2023,"Singapore for the first time became the most expensive city for goods and services for wealthy people, overtaking Hong Kong, London and New York, according to a report on Tuesday.","Cars and essential health insurance in Singapore are 133% and 109% more expensive than the global average, among 12 consumer goods and eight services that reflect the spending patterns of high-net-worth individuals, according to Julius Baer's Global Wealth and Lifestyle report this year.The politically stable and tax-friendly city-state was one of the first Asian cities to significantly ease pandemic restrictions, and has started to see an influx of wealth.Demand for accommodation is high, school places are at a premium, and the general cost of living for everyone is high in Singapore, the report added.Shanghai, in first place last year, fell to second. Possible factors include longer pandemic restrictions than in other cities, the report said. Hong Kong was ranked third.Johannesburg was at the bottom of the list, which covered 25 cities across the world.Our Standards: The Thomson Reuters Trust Principles.",https://www.reuters.com/article/global-wealth-report/singapore-tops-list-of-costliest-cities-for-goods-services-aimed-at-the-wealthy-idUSKBN2Y60E3
2,worldNews,China willing to work with U.S. to increase passenger flights - ministry,JUN 20 2023,"BEIJING (Reuters) -China is willing to work with the United States to increase passenger flights between them in a ""flexible and pragmatic manner"", the foreign ministry said on Tuesday.","During Antony Blinken's visit to China, the U.S. Secretary of State and China's foreign minister Qin Gang agreed to discuss increasing passenger flights and welcome more students and business people, Chinese state media reported.""The Chinese and U.S. authorities are maintaining communication regarding the increase of passenger flights,"" China's foreign ministry spokesperson Mao Ning said at a regular news conference.Our Standards: The Thomson Reuters Trust Principles.",https://www.reuters.com/article/china-usa-flights/china-willing-to-work-with-u-s-to-increase-passenger-flights-ministry-idUSKBN2Y60C1
3,worldNews,"Singapore tops list of costliest cities for goods, services aimed at the wealthy",JUN 20 2023,"Singapore for the first time became the most expensive city for goods and services for wealthy people, overtaking Hong Kong, London and New York, according to a report on Tuesday.","Cars and essential health insurance in Singapore are 133% and 109% more expensive than the global average, among 12 consumer goods and eight services that reflect the spending patterns of high-net-worth individuals, according to Julius Baer's Global Wealth and Lifestyle report this year.The politically stable and tax-friendly city-state was one of the first Asian cities to significantly ease pandemic restrictions, and has started to see an influx of wealth.Demand for accommodation is high, school places are at a premium, and the general cost of living for everyone is high in Singapore, the report added.Shanghai, in first place last year, fell to second. Possible factors include longer pandemic restrictions than in other cities, the report said. Hong Kong was ranked third.Johannesburg was at the bottom of the list, which covered 25 cities across the world.Our Standards: The Thomson Reuters Trust Principles.",https://www.reuters.com/article/global-wealth-report/singapore-tops-list-of-costliest-cities-for-goods-services-aimed-at-the-wealthy-idUSKBN2Y60E3
4,worldNews,China willing to work with U.S. to increase passenger flights - ministry,JUN 20 2023,"BEIJING (Reuters) -China is willing to work with the United States to increase passenger flights between them in a ""flexible and pragmatic manner"", the foreign ministry said on Tuesday.","During Antony Blinken's visit to China, the U.S. Secretary of State and China's foreign minister Qin Gang agreed to discuss increasing passenger flights and welcome more students and business people, Chinese state media reported.""The Chinese and U.S. authorities are maintaining communication regarding the increase of passenger flights,"" China's foreign ministry spokesperson Mao Ning said at a regular news conference.Our Standards: The Thomson Reuters Trust Principles.",https://www.reuters.com/article/china-usa-flights/china-willing-to-work-with-u-s-to-increase-passenger-flights-ministry-idUSKBN2Y60C1
5,worldNews,Qatar and UAE embassies resume work on Monday - Qatar foreign ministry,JUN 20 2023,"DOHA (Reuters) -Qatar and the United Arab Emirates' respective embassies reopened on Monday to resume work after the two Gulf states agreed to restore diplomatic ties, Qatar's foreign ministry said.","The restoration of ties comes amid a broader regional push for reconciliation and more than two years after Arab states ended a boycott of Doha that had shattered the Western-allied Gulf Arab bloc.The U.S. State Department welcomed the resumption of diplomatic ties between the two countries and the reopening of embassies, calling it an ""important step"" in promoting regional stability.The Qatari ministry said in a statement that the two foreign ministers, Sheikh Mohammed bin Abdulrahman Al-Thani and Sheikh Abdullah bin Zayed, had held a phone call as the two embassies reopened on Monday.Reuters reported in April that the two Gulf states were in the process of restoring diplomatic relations.Abu Dhabi and Doha had been locked for years in a bitter rivalry over regional influence, the role of Islam in politics and over support for pro-democracy movements across the Middle East.In 2017, Saudi Arabia, the UAE, Bahrain and Egypt severed all ties with Qatar over accusations that it supported terrorism, a reference to political Islam, and that it had forged closer ties with Iran. Doha denied the charges.Riyadh and Cairo were the first to reappoint ambassadors to Doha in 2021 after a Saudi-led deal to end the feud, while Bahrain has yet to reopen its embassy in Doha.The restoration of ties also came after Iran and Saudi Arabia agreed to re-establish relations after years of hostility, which had threatened instability in the Gulf and stoked the war in Yemen.Our Standards: The Thomson Reuters Trust Principles.",https://www.reuters.com/article/qatar-emirates-embassies/qatar-and-uae-embassies-resume-work-on-monday-qatar-foreign-ministry-idUSKBN2Y508H
6,worldNews,Lab crunch: British science has nowhere to go,JUN 20 2023,"For Ros Deegan, the thrill of raising $100 million to expand a biotech firm among the dreaming spires of Oxford was soon tempered: unable to find a bigger laboratory, she routinely had to work at home.","Not far away in the rival academic centre of Cambridge, biochemist Catherine Elton, persistently frustrated by similar real estate issues, taught herself how to turn old offices into labs to keep expanding her bioactive protein business.The two businesswomen in Britain's fast-growing life sciences industry are far from alone.Property consultants Bidwells put demand for lab space in Cambridge at 1.19 million square feet (110,000 square metres) - but only 7,000 sq ft are available. In Oxford, demand stands at 850,000 sq ft with just 25,000 ready to go.The dearth of state-of-the-art labs in the cities is just one example of how a lack of an overarching strategy for Britain's life sciences sector is throttling the growth of some of the country's most promising companies, according to Reuters interviews with 17 people with knowledge of the challenges.The industry figures, from biotech bosses, property developers, industry sources to investors, all spoke of a growing frustration with the lack of a coherent approach in Britain to everything from lab space to funding, talent, suppliers, affordable homes, transport, water and power.At a time of rapid innovation, when the United States and the European Union are spending heavily to help businesses shift faster to newer technologies in the next wave of industrial transformation, they say that Britain risks falling behind.""It's a huge barrier when you're trying to set a company up and you can't actually find a lab for it,"" said Elton, founder of Qkine. She said the latest office conversion took up more than 20% of her firm's time in the year before it opened.Deegan, meanwhile, counts herself lucky that OMass Therapeutics, the drug discovery company she runs, only had to wait a year from raising funds to moving to a larger site.""I couldn't go to work because there just wasn't a place to sit. You'd end up in the kitchen,"" the chief executive said.Life sciences is meant to be one of Britain's most important sectors. Generating 94 billion pounds ($118 billion) in 2021 and employing more than 280,000 people, it enables the government to boast Britain is on its way to becoming a ""science superpower"".In biotech, Britain lags only the United States in activity, according to consultants McKinsey, driven by the discoveries that come out of colleges in Cambridge, London and Oxford, and aided by a centralised health system for clinical trials.That has led to an explosion in venture capital, with much of it coming from the United States. But in the small cities home to ancient universities - and strict planning laws - the delivery of new infrastructure has failed to keep pace.While developers say capacity is expected to improve in the coming years, companies in Britain specialising in areas such as cell and gene therapies, genomics and synthetic biology may be failing to reach their full potential, many experts say.Diarmuid O'Brien, head of Cambridge Enterprise which works to commercialise research at the university, said the current environment led to ""death by a thousand cuts"" as many spin-outs were sold to U.S. companies, or moved across the Atlantic.Humira, for example, one of the world's bestselling drugs owned by U.S. company AbbVie (ABBV.N), was based on technology that emerged from Cambridge. Illumina (ILMN.O), a U.S. firm with a market value of $33 billion, has a DNA sequencing approach also discovered at Cambridge at the heart of its technology.Prime Minister Rishi Sunak's government has acknowledged there's a real estate problem and is looking to reform planning rules, asking local authorities to take research and development needs into consideration when assessing applications.""Only last month we announced more than 100 million pounds to provide world-class lab space to help unlock UK researchers' full potential,"" a government spokesperson said, referring to funding designed to upgrade infrastructure and equipment.The race to develop and retain new technologies is taking place across the world, with Western governments such as France touting cheap power and fast-track planning systems to attract next-generation industries such as battery gigafactories.Gordon Sanghera, who was determined to list his Oxford Nanopore Technologies (ONT.L) in Britain, told Reuters he often thought the country's success was in spite of the support available, not because of it, and Britain needed to realise it was in competition with others.The lab shortage is not only driving up rents to record highs - Bidwells says they rose 25% for purpose built lab space in Oxford in 2022 - but it also means access to laboratories can become a defining issue in whether a company succeeds or not.To meet its full potential, Britain's biotech industry says it needs small companies to be able to access shared laboratory space on decent rents with flexible leases, before they can move to independent labs with the potential to expand.Company founders also say they want to be as close to the heart of academic centres as possible - rather than on more distant science parks - so they can tap into the cluster effect that comes from sharing experiences and contacts, take advantage of existing transport links and recruit talent more easily.Michael Chen moved to Cambridge from the United States in 2012 to do a doctorate in chemistry. He later formed Nuclera with two PhD colleagues to improve the accessibility of proteins for research and drug discovery.",https://www.reuters.com/article/britain-economy-science-laboratories/lab-crunch-british-science-has-nowhere-to-go-idUSKBN2Y607U
7,worldNews,Ukraine builds layered air defences as Russia ramps up strikes,JUN 20 2023,"At a glance on a clear summer's afternoon, the U.S.-made Avenger air defence system is barely visible in the shadow of trees at the end of a dirt track outside Kyiv.","The short-range unit is an important part of a three-layered air defence network that Ukraine is trying to develop with a range of highly sophisticated Western systems to thwart Russian air attacks.Russia has unleashed regular long-distance missile and drone attacks since October, but it seriously increased strikes in May as Ukraine prepared for a counteroffensive this month.The strikes, which regularly kill civilians, look at least in part aimed at depleting air defence stocks so that fewer systems can be used to protect troops trying to advance under Russian air superiority, Kyiv officials say.""The most difficult is an attack by various types of aerial targets,"" said the Avenger unit's commander who goes by the call sign ""Architect"", his pre-war profession.""When they arrive in one night, both (drones) and cruise missiles fly by, that's the most difficult.""He leads a six-man team that took up positions two weeks ago after being trained by U.S. military instructors in Europe. They are yet to shoot down any missiles or drones.They join an unfolding air battle that has played out over several weeks during which Ukraine has reported an extraordinary rate of downed drones and missiles, including hypersonic ones.On Friday, Ukraine said it shot down all six cruise missiles and six hypersonic Kinzhal missiles fired at targets in and around the capital.But strikes still regularly slip past defences. Last Wednesday, three civilians were killed in a missile attack in Odesa. The day before 11 were killed in a strike on President Volodymyr Zelenskiy's hometown.Though it has dropped out of headlines as Kyiv has pressed for F-16 fighter jets from the West, Ukraine is still regularly asking for - and receiving - air defence missiles to replenish stocks, said Yuriy Sak, adviser to Ukraine's defence minister.""Russia's tactic is using cheap drones in order to exhaust our air defences. It's almost like a race against time. Who's going to run out first? The Russians with their missiles or the ones we get from our allies?"" he said.Washington has supplied at least 12 Avenger systems to Ukraine. The Avenger is a rotating turret with eight missiles mounted on the back of a Humvee, which makes it highly mobile.""One of our top priorities, when it comes to transforming our armed forces and building up our air defence capability is creating a three-layered air defence system,"" said Sak.The Avenger, like hand-held Stinger missiles, are at the short-range end of the three layers. U.S.-made Patriot systems are at the long-range end. Avengers have a range of up to 5 km. Patriots have a 3 km minimum range and a maximum of 80 km.There is greater mobility at the short end to counter targets and it is also much cheaper than firing expensive salvos of Patriot missiles, Sak said.The Avenger is effective near the battefield, but there are too few of the systems to go around, he added.In a bid to build up short-end capabilities, Ukraine is pressing Australia to supply four-wheel-drive Hawkei vehicles that can be mounted with air defences and used in the same way as Avengers, Sak said.In the month of May alone, the Air Force reported shooting down 149 cruise missiles, 399 drones, seven hypersonic Kinzhal missiles, three ballistic missiles as well as 11 Iskander missiles of two different types.By contrast in April, the Air Force said it had shot down 73 drones and 21 cruise missiles.The unit commander near Kyiv said he was constantly aware of his responsibility to do his best to protect the roughly 3.5 million people living in Kyiv, and that they were on duty round the clock ready to respond.Our Standards: The Thomson Reuters Trust Principles.",https://www.reuters.com/article/ukraine-crisis-airdefence/ukraine-builds-layered-air-defences-as-russia-ramps-up-strikes-idUSKBN2Y609M
8,worldNews,Taliban treatment of women could be 'gender apartheid' - UN expert,JUN 20 2023,"GENEVA (Reuters) -A U.N. expert said on Monday that the treatment of Afghan women and girls by the Taliban could amount to ""gender apartheid"" as their rights continue to be gravely infringed by the country's de facto authorities.","""Grave, systematic and institutionalised discrimination against women and girls is at the heart of Taliban ideology and rule, which also gives rise to concerns that they may be responsible for gender apartheid,"" U.N. Special Rapporteur on the situation of human rights in Afghanistan, Richard Bennett, told the Human Rights Council in Geneva.The U.N. defines gender apartheid as ""economic and social sexual discrimination against individuals because of their gender or sex"".""We have pointed to the need for more exploration of gender apartheid, which is not currently an international crime, but could become so,"" Bennett told reporters on the sidelines of the Council.""It appears if one applies the definition of apartheid, which at the moment is for race, to the situation in Afghanistan and use sex instead of race, then there seem to be strong indications pointing towards that.""A Taliban spokesperson said their administration was implementing Islamic laws and accused the United Nations and Western institutions of ""propaganda"".""Richard Bennett's report on the situation in Afghanistan is a part of such propaganda, which does not reflect the realities,"" spokesman Zabihullah Mujahid said in a statement.The Taliban seized power in August 2021, drastically curtailing women's freedoms and rights, including their ability to attend high school and university.In a report covering July to December 2022, Bennett found in March that the treatment of women and girls by the Taliban ""may amount to gender persecution, a crime against humanity"".""These serious deprivations of women's and girls' fundamental rights and the harsh enforcement by the de facto authorities of their restrictive measures may constitute the crime against humanity of gender persecution,"" Bennett reiterated on Monday.In April, Taliban authorities began enforcing a ban on Afghan women working for the U.N. after stopping women working for aid groups in December.Taliban authorities say they respect women's rights in accordance with their strict interpretation of Islamic law.Our Standards: The Thomson Reuters Trust Principles.",https://www.reuters.com/article/afghanistan-women-un/taliban-treatment-of-women-could-be-gender-apartheid-un-expert-idUSKBN2Y50QJ
9,worldNews,"Man with axe attacks Chinese restaurants in New Zealand, injuring four",JUN 20 2023,"A man wielding an axe entered three Chinese restaurants on Monday night in New Zealand’s largest city Auckland, sending four people to hospital, authorities and local media reported.","One victim was discharged and three remain in stable condition, North Shore and Auckland hospital spokespeople said on Tuesday.Local media reported that the man went into three Chinese restaurants — Zhangliang Malatang, Yues Dumpling Kitchen and Maya Hotpot — and started randomly attacking people with an axe around 9 p.m. on Monday night.A witness told local news organisation Radio New Zealand that she was eating at Maya Hotpot with a friend when a man came at her friend with the axe.She said everyone in the restaurant then stood up and someone shouted “What are you going do? Why are you doing it?” before he hit her friend again.New Zealand Police said they had arrested a 24-year-old man and he was due to appear in court on Tuesday on a charge of wounding with intent to cause grievous bodily harm. Further charges are expected, police said.Police did not give a motive for the attack.Our Standards: The Thomson Reuters Trust Principles.",https://www.reuters.com/article/newzealand-police-attack/man-with-axe-attacks-chinese-restaurants-in-new-zealand-injuring-four-idUSKBN2Y51B2
