,Topic,News Headline,News Date,News Summary,Full News Article,URL
0,technologySector,UPDATE 1-China's Primavera closes fourth dollar fund at $4 bln - sources,MAY 29 2023,"Chinese private equity firm Primavera Capital Group, an early investor in billionaire Jack Ma's Ant Group, has closed its fourth U.S. dollar-denominated private equity fund at $4 billion, said two people with direct knowledge of the matter.",,https://www.reuters.com/article/china-primavera-fundraising/update-1-chinas-primavera-closes-fourth-dollar-fund-at-4-bln-sources-idUSL1N37R06S
1,technologySector,China's Primavera closes fourth dollar fund at $4 bln - sources,MAY 29 2023,"Chinese private equity firm Primavera Capital Group, an early investor in billionaire Jack Ma's Ant Group, has closed its fourth U.S. dollar-denominated private equity fund at $4 billion, said two people with direct knowledge of the matter.",,https://www.reuters.com/article/china-primavera-fundraising/chinas-primavera-closes-fourth-dollar-fund-at-4-bln-sources-idUSL4N37R0OL
2,technologySector,"South Korean shares near one-year high on US debt deal, AI hopes",MAY 29 2023,Round-up of South Korean financial markets:,,https://www.reuters.com/article/southkorea-markets-midday/south-korean-shares-near-one-year-high-on-us-debt-deal-ai-hopes-idUSL1N37R05X
3,technologySector,UPDATE 2-CD Projekt is not for sale - CEO,MAY 29 2023,"Polish games developer CD Projekt is not for sale, its CEO reiterated on Monday, following weekend rumours that the maker of ""Cyberpunk 2077"" could be targeted by Sony.","""Nothing has changed on our end. I can repeat what we've been saying throughout the years - CD Projekt is not for sale. We want to remain independent"", Adam Kicinski said on a conference call following first-quarter results.""It's very exciting to follow our own path, so it's pure rumour"", he added, referring to the speculation on Twitter and in a trade newsletter.CD Projekt, which has previously been rumoured to be a target for Microsoft, reported a 1% year-on-year rise in quarterly net profit, as it gears up to release an expansion to action role-playing game ""Cyberpunk 2077"".The company behind ""The Witcher"" series said its net profit rose to 69.7 million zlotys ($16.8 million), despite a 19% year-on-year drop in revenues to 174.8 million zlotys.After two years without a major new release, CD Projekt is due to present ""Cyberpunk 2077: Phantom Liberty"" in Los Angeles on June 8 during the Summer Game Fest: Play Days.""We are also planning a range of other events around the world, and will have more information to share in the coming weeks"", Kicinski said.""Phantom Liberty"" is the last game produced on company's own RED engine, with CD Projekt switching to the external Unreal Engine 5 for upcoming projects, which include among others a new Witcher trilogy, a remake of Witcher 1 and a Cyberpunk sequel.CD Projekt has sold over 20 million copies of Cyberpunk 2077 so far. It also said that it had sold more than 50 million copies of ""The Witcher 3: Wild Hunt"" so far, with the entire Witcher trilogy's sales now exceeding 75 million copies.($1 = 4.1422 zlotys)Our Standards: The Thomson Reuters Trust Principles.",https://www.reuters.com/article/cd-projekt-results/update-2-cd-projekt-is-not-for-sale-ceo-idUSL1N37Q10A
4,technologySector,CD Projekt's first-quarter profit rises 1% y/y,MAY 29 2023,Polish games developer CD Projekt reported on Monday a 1% rise in first-quarter net profit to 69.7 million zlotys ($16.83 million).,"""Nothing has changed on our end. I can repeat what we've been saying throughout the years - CD Projekt is not for sale. We want to remain independent"", Adam Kicinski said on a conference call following first-quarter results.""It's very exciting to follow our own path, so it's pure rumour"", he added, referring to the speculation on Twitter and in a trade newsletter.CD Projekt, which has previously been rumoured to be a target for Microsoft, reported a 1% year-on-year rise in quarterly net profit, as it gears up to release an expansion to action role-playing game ""Cyberpunk 2077"".The company behind ""The Witcher"" series said its net profit rose to 69.7 million zlotys ($16.8 million), despite a 19% year-on-year drop in revenues to 174.8 million zlotys.After two years without a major new release, CD Projekt is due to present ""Cyberpunk 2077: Phantom Liberty"" in Los Angeles on June 8 during the Summer Game Fest: Play Days.""We are also planning a range of other events around the world, and will have more information to share in the coming weeks"", Kicinski said.""Phantom Liberty"" is the last game produced on company's own RED engine, with CD Projekt switching to the external Unreal Engine 5 for upcoming projects, which include among others a new Witcher trilogy, a remake of Witcher 1 and a Cyberpunk sequel.CD Projekt has sold over 20 million copies of Cyberpunk 2077 so far. It also said that it had sold more than 50 million copies of ""The Witcher 3: Wild Hunt"" so far, with the entire Witcher trilogy's sales now exceeding 75 million copies.($1 = 4.1422 zlotys)Our Standards: The Thomson Reuters Trust Principles.",https://www.reuters.com/article/cd-projekt-results/cd-projekts-first-quarter-profit-rises-1-y-y-idUSL1N37Q0ZM
5,technologySector,"UPDATE 1-Tennis-Racist abuse of players is getting worse, says Stephens",MAY 29 2023,"Racist behaviour directed at athletes is getting worse and even software designed to protect them from it has little impact, world number 30 Sloane Stephens said on Monday.","The American, speaking after her straight-sets victory over Karolina Pliskova in the French Open first round, said she had had to endure it her whole tennis career.""Yes, it's obviously been a problem my entire career,"" said Stephens, who is Black. ""It has never stopped. If anything, it's only gotten worse.""She did not go into specific details but said even software such as the one available for players at the French Open, which that is designed to block racist comments, could not stop it.""I did hear about the software. I have not used it,"" Stephens said.""I have a lot of obviously key words banned on Instagram and all of these things, but that doesn't stop someone from just typing in an asterisk or typing it in a different way, which obviously software most of the time doesn't catch.""The software provided by organisers for the first time is able to identify and remove racist and other forms of hate speech, and the French Tennis Federation has made it available to all players at the tournament.Using artificial intelligence, the software filters out abusive comments on social media platforms such as Twitter, Instagram and TikTok.Tennis players, including greats Serena and Venus Williams, have been the targets of such abuse as have professional athletes in all sports, with Real Madrid soccer player Vinicius Jr. the most notable recent case.He was on the receiving end of racist chants at Valencia's Mestalla stadium last week and his complaints about Spain and LaLiga not doing enough to fight racism sparked a worldwide wave of support and a national debate in Spain.Tottenham Hotspur were working this month with the Metropolitan Police to investigate an allegation of racial abuse towards South Korean striker Son Heung-min.Stephens said the racism had reached a worrying level.""I mean, obviously when there is FBI investigations going on with what people are saying to you online, it's very serious,"" she said.She did not say whether she was referring to a specific case.""Obviously it's been something that I have dealt with my whole career. I think that, like I said, it's only continued to get worse, and people online have the free rein to say and do whatever they want behind fake pages, which is obviously very troublesome.""""It's something I have had to deal with my whole career and something I will continue to deal with, I'm sure. That's that.""Our Standards: The Thomson Reuters Trust Principles.",https://www.reuters.com/article/tennis-frenchopen/update-1-tennis-racist-abuse-of-players-is-getting-worse-says-stephens-idUSL1N37Q0WQ
6,technologySector,UPDATE 1-Carlyle Group to buy Czech optics maker Meopta for nearly 700 mln euros - report,MAY 29 2023,"Carlyle Group has agreed to buy Czech optics maker Meopta for nearly 700 million euros ($771 million), Czech newspaper Hospodarske Noviny reported on its website on Monday, without citing sources.",,https://www.reuters.com/article/meopta-ma-carlyle/update-1-carlyle-group-to-buy-czech-optics-maker-meopta-for-nearly-700-mln-euros-report-idUSL8N37Q2RD
7,technologySector,Brazil yet to decide tax rate on international e-commerce shipments -minister,MAY 29 2023,"Brazilian Finance Minister Fernando Haddad said on Monday the government has not yet decided on the tax rate for shipments from international e-commerce companies, following previous indications that it could be lowered.",,https://www.reuters.com/article/brazil-economy/brazil-yet-to-decide-tax-rate-on-international-e-commerce-shipments-minister-idUSL1N37Q0VY
8,technologySector,UPDATE 3-Nigeria's new President Tinubu promises economic reboot,MAY 29 2023,"Nigeria's new President Bola Tinubu vowed at his swearing-in on Monday to expand the economy by at least 6% a year, lift barriers to investment, create jobs and unify the exchange rate, while also tackling rampant insecurity.","Tinubu inherits a struggling economy with record debt, shortages of foreign exchange and fuel, a weak naira currency, nearly two-decades-high inflation, skeletal power supplies and falling oil production due to crude theft and underinvestment.Protectionist policies and foreign currency interventions under predecessor Muhammadu Buhari spooked investors.""On the economy, we target a higher GDP growth and to significantly reduce unemployment,"" he said, adding that this would be achieved through budgetary reform, boosting power generation and improving food security.""I have a message for our investors, local and foreign: our government shall review all their complaints about multiple taxation and various anti-investment inhibitions.""Tinubu took his oath in an open-air ceremony in the capital's Eagle's Square. Buhari departed to his rural home in northern Katsina state afterwards.The former Lagos state governor and member of Buhari's party said a popular but costly fuel subsidy would be gone in line with this year's budget that set its removal from June.He also promised ""thorough house cleaning"" of monetary policy, adding that the central bank should work towards a unified exchange rate.""This will direct funds away from arbitrage into meaningful investment in the plants, equipment and jobs that power the real economy,"" he said.Tinubu also inherits a divided country after his disputed victory that is being challenged in court by his main rivals who see him as a member of the old guard.But Tinubu said his electoral victory was fair.""My supporters, I thank you. To those who voted otherwise, I extend my hand across the political divide. I ask you to grasp it in national affinity and brotherhood,"" he said.The February election had galvanised young voters hoping for a break from the two parties that have dominated Nigerian politics since military rule ended in 1999. But what authorities promised would be the freest and fairest election yet ended in frustration for many.Tinubu said he would tackle widespread violence in Nigeria by reforming the security services with more personnel and improved training, equipment and pay.Buhari has touted successes in a 13-year fight against Islamist insurgents in the northeast, where his government ramped up military spending.But insecurity has spread. Killings and kidnappings for ransom are rampant in the northwest. Separatist and gang violence plague the southeast, and clashes between farmers and herders persist in hinterland states known as Nigeria's Middle Belt.Our Standards: The Thomson Reuters Trust Principles.",https://www.reuters.com/article/nigeria-politics/update-3-nigerias-new-president-tinubu-promises-economic-reboot-idUSL1N37Q0LY
9,technologySector,Binance names Teng as head of regional markets outside US,MAY 29 2023,"Binance has appointed Richard Teng to head its regional markets outside the United States, at a time when the world's largest cryptocurrency exchange has been facing scrutiny from U.S. regulators over compliance issues.","Teng, who revealed his promotion on his LinkedIn profile, is already heading regions like Asia, Europe and the Middle East. He joined Binance as CEO of Singapore in August 2021.Teng will begin his new role on Monday.The development comes at a time when Binance has been under fire for non-compliance issues from U.S. authorities, while it has faced pressure in other countries as well.It withdrew from Canada earlier this month as the country set tight regulations for crypto asset trading platforms, while Australia cancelled the company's financial services license last month amid a regulatory probe.Before joining Binance, Teng held positions in various financial institutions such as Singapore Exchange Ltd, Monetary Authority of Singapore and Abu Dhabi Global Market.Our Standards: The Thomson Reuters Trust Principles.",https://www.reuters.com/article/binance-appointment-teng/binance-names-teng-as-head-of-regional-markets-outside-us-idUSL4N37Q25H
