,Topic,News Headline,News Date,News Summary,Full News Article,URL
0,technologySector,Italy probes Meta over abuse of position in music rights case,APR 05 2023,Italy's antitrust authority said on Wednesday it would investigate Meta Platform over the possible abuse of its position in talks over the rights to music posted on Meta's platforms and potentially hurting competition in the sector.,"The dispute involved the Italian society of authors and publishers, SIAE.According to the antitrust regulator, Mark Zuckerberg's company may have ""unduly interrupted the negotiations for the stipulation of the licence for the use on its platforms"" of SIAE's music rights, it said in a statement.Meta interrupted talks for the renewal of expired contracts by eliminating SIAE-protected music content from its social platforms, but didn't provide the required information to SIAE to negotiate under the ""principle of fairness and transparency,"" the regulator said.Its conduct could hurt competition in the relevant markets and ""cause serious damage to consumers,"" it added.Last month, Meta, which owns Facebook, Whatsapp and Instagram, failed to reach a deal with SIAE to renew the copyright license. As a result, all songs under SIAE's books have been blocked on its platforms since March 16.""We will fully cooperate with the inquiry from the Italian Competition Authority. Protecting the copyrights of songwriters and artists is an important priority for us,"" a spokesperson for Meta said on Wednesday.The investigation involves Meta Platforms Inc, Meta Platforms Ireland Limited, Meta Platforms Technologies UK Limited and Facebook Italy S.r.l.Our Standards: The Thomson Reuters Trust Principles.",https://www.reuters.com/article/meta-italy-probe/italy-probes-meta-over-abuse-of-position-in-music-rights-case-idUSL8N3681I0
1,technologySector,UPDATE 1-Ladbrokes owner Entain buys sports media business 365scores,APR 05 2023,British gambling group Entain Plc said on Wednesday it acquired sports media business 365scores for up to $160 million to improve its interactive content and experience for users.,"The acquisition includes contingent payments of up to $10 million, Entain said in a statement.365scores, founded in 2012, offers coverage of 10 different sports and more than 2,000 competitions across the world.Over the years, Entain added several betting groups to its portfolio, including five in 2022, when it expanded into Canada, the Netherlands and other parts of Europe.Entain ventured into Central and Eastern Europe last year with its acquisition of Croatia's SuperSport Group.In March, the gambling company's Chief Financial Officer Rob Wood said that mergers and acquisitions remained key to the company's growth strategy.Entain's most popular brands, Ladbrokes, Coral and bwin, were bought through acquisitions.""The combination of 365scores' deep expertise in data-driven sports media content alongside Entain's global scale and market leading platform capabilities will provide customers with a broader offering of interactive content and experiences,"" the gambling company said.Our Standards: The Thomson Reuters Trust Principles.",https://www.reuters.com/article/365scores-ma-entain/update-1-ladbrokes-owner-entain-buys-sports-media-business-365scores-idUSL4N3680ZQ
2,technologySector,Foxconn Q1 sales rise 3.9% y/y,APR 05 2023,"Taiwan's Foxconn, the world's largest contract electronics maker and major iPhone assembler for Apple Inc, said on Wednesday that revenue in the first quarter rose 3.9% year-on-year.","Revenue last month reached the third highest on record for March at T$400.3 billion ($13.14 billion), though that represented a 21.1% year-on-year fall, the company said in a statement.The rise in sales for the first three months of the year, to T$1.46 trillion, was a fresh record high for the same period, and in line with previous guidance, Foxconn (2317.TW), formally called Hon Hai Precision Industry Co Ltd, said.For smart consumer electronics products, which includes smartphones, revenue in March declined due to new product launches in the same period last year.The outlook for the second quarter is expected to decrease on a quarter-on-quarter and year-on-year basis, the company said, coming off a high base from an ""unseasonally strong pull-in in the first half of last year which occurred as the components shortage from 2021 eased"".The company will report first quarter earnings on May 11 when it will also give an update on its outlook for the current quarter and full year.The company last month predicted revenue for the full year to be flat, as weak demand for consumer electronics would be offset by significant growth in computing, cloud, networking and component products.More than half of Foxconn's revenue comes from consumer electronics.Foxconn shares have risen 4.1% so far this year, lagging the broader Taiwan market (.TWII) which is up 12.2%.The market was closed on Wednesday for a holiday in Taiwan.(This story has been corrected to change figure to T$1.46 trillion from T$1.42 billion in paragraph 3)Our Standards: The Thomson Reuters Trust Principles.",https://www.reuters.com/article/taiwan-foxconn/foxconn-q1-sales-rise-3-9-y-y-idUSB9N33I04I
3,technologySector,South Korean shares rise to highest since August as battery makers rally,APR 05 2023,Round-up of South Korean financial markets:,,https://www.reuters.com/article/southkorea-markets-close/south-korean-shares-rise-to-highest-since-august-as-battery-makers-rally-idUSAZN14SVMQ
4,technologySector,Australian mayor readies world's first defamation lawsuit over ChatGPT content,APR 05 2023,"A regional Australian mayor said he may sue OpenAI if it does not correct ChatGPT's false claims that he had served time in prison for bribery, in what would be the first defamation lawsuit against the automated text service.","Brian Hood, who was elected mayor of Hepburn Shire, 120km (75 miles) northwest of Melbourne, last November, became concerned about his reputation when members of the public told him ChatGPT had falsely named him as a guilty party in a foreign bribery scandal involving a subsidiary of the Reserve Bank of Australia in the early 2000s.Hood did work for the subsidiary, Note Printing Australia, but was the person who notified authorities about payment of bribes to foreign officials to win currency printing contracts, and was never charged with a crime, lawyers representing him said.The lawyers said they sent a letter of concern to ChatGPT owner OpenAI on March 21, which gave OpenAI 28 days to fix the errors about their client or face a possible defamation lawsuit.OpenAI, which is based in San Francisco, had not yet responded to Hood's legal letter, the lawyers said. OpenAI did not respond to a Reuters email out of business hours.If Hood sues, it would likely be the first time a person has sued the owner of ChatGPT for claims made by the automated language product which has become wildly popular since its launch last year. Microsoft Corp (MSFT.O) integrated ChatGPT into its search engine Bing in February. read moreA Microsoft spokesperson was not immediately available for comment.""It would potentially be a landmark moment in the sense that it's applying this defamation law to a new area of artificial intelligence and publication in the IT space,"" James Naughton, a partner at Hood's lawfirm Gordon Legal, told Reuters.""He's an elected official, his reputation is central to his role,"" Naughton said. Hood relied on a public record of shining a light on corporate misconduct, ""so it makes a difference to him if people in his community are accessing this material"".Australian defamation damages payouts are generally capped around A$400,000 ($269,360). Hood did not know the exact number of people who had accessed the false information about him - a determinant of the payout size - but the nature of the defamatory statements was serious enough that he may claim more than A$200,000, Naughton said.If Hood files a lawsuit, it would accuse ChatGPT of giving users a false sense of accuracy by failing to include footnotes, Naughton said.""It's very difficult for somebody to look behind that to say 'how does the algorithm come up with that answer?'"" said Naughton. ""It's very opaque.""($1 = 1.4850 Australian dollars)Our Standards: The Thomson Reuters Trust Principles.",https://www.reuters.com/article/australia-chatgpt/australian-mayor-readies-worlds-first-defamation-lawsuit-over-chatgpt-content-idUSL1N3680C2
5,technologySector,UPDATE 1-China urges stronger WTO monitoring of US-led chip export curbs,APR 05 2023,"China has urged the World Trade Organization to scrutinise US-led technology export restrictions aimed at curbing its ability to make advanced chips, state television said on Wednesday.","Chinese representatives told a WTO meeting this week that Japan, the Netherlands and the United States should report their plans and subsequent measures to the body, which it urged to step up supervision on the matter, broadcaster CCTV said.A Geneva-based trade official confirmed that China raised the issue and asked the WTO to strengthen its monitoring of the measures during a tense two-day meeting of its Council for Trade in Goods.The US has previously said its actions relate to national security grounds and should not be subject to review by the WTO.Last week, without specifying China as the target, Japan said it would restrict export of 23 types of semiconductor manufacturing equipment, a move in line with Washington's curbs announced last October.That came after the Netherlands said last month that it also planned to limit similar exports, such as those from ASML Holding NV (ASML.AS), which dominates the market for lithography systems used to create chips' minute circuitry.The move of the three nations in alignment to curb chip exports to China ""violates the fairness and transparency principles of WTO"", CCTV said.The state broadcaster gave no details of any WTO response to China's remarks.China responded to the US measures last year with a WTO complaint saying the US actions were inconsistent with articles governing trade between member nations, a dispute record on the WTO's website shows.At the time, Washington said the measures concerned issues of national security ""not susceptible to review or capable of resolution"" by WTO dispute settlement.Our Standards: The Thomson Reuters Trust Principles.",https://www.reuters.com/article/china-wto-chips/update-1-china-urges-stronger-wto-monitoring-of-us-led-chip-export-curbs-idUSL1N3680BY
6,technologySector,UK cloud market needs competition probe -Ofcom,APR 05 2023,"British communications regulator Ofcom said it planned to ask the competition regulator to investigate cloud services, a market dominated by Amazon and Microsoft.","Ofcom, which started looking into cloud services last year, said it was particularly worried about the practices of Amazon Web Services (AWS) and Microsoft because of their market positions, and planned to ask the competition regulator to investigate.Amazon and Microsoft have a combined market share of 60-70%. Alphabet's Google (GOOGL.O), their closest competitor, has just 5-10%.Ofcom said technical restrictions and discounts to encourage customers to use a single provider for all their needs even when better quality alternatives were available could also be anti-competitive.""High barriers to switching are already harming competition in what is a fast-growing market,"" Ofcom director Fergal Farragher said.""We think more in-depth scrutiny is needed to make sure it's working well for people and businesses who rely on these services.""The fast-growing, multi-billion-dollar cloud computing business has attracted attention from regulators in Europe as well as Britain.Microsoft has offered to change its practices to settle antitrust complaints filed by smaller cloud computing rivals to EU antitrust regulators, a person with direct knowledge of the matter said last month.Google however said such a move would not solve broader concerns about Microsoft's licensing terms.Both Microsoft and AWS said they would continue to work with Ofcom ahead of the publication of its final report in October.""We remain committed to ensuring the UK cloud industry stays highly competitive, and to supporting the transformative potential of cloud technologies to help accelerate growth across the UK economy,"" said a Microsoft spokesperson.AWS said customers in Britain were able to choose between a wide variety of providers.""At AWS (Amazon Web Services), we design our cloud services to give customers the freedom to build the solution that is right for them, with the technology of their choice,"" an AWS spokesperson said.""This has driven increased competition across a range of sectors in the UK economy by broadening access to innovative, highly secure, and scalable IT services.""Our Standards: The Thomson Reuters Trust Principles.",https://www.reuters.com/article/britain-technology-antitrust/uk-cloud-market-needs-competition-probe-ofcom-idUSFWN367241
7,technologySector,UPDATE 2-Foxconn founder Gou says he will seek Taiwan presidency,APR 05 2023,"Terry Gou, the billionaire founder of major Apple Inc supplier Foxconn , said on Wednesday he would seek the presidential nomination for Taiwan's main opposition party, the Kuomintang (KMT), for a second time.","Gou stepped down as Foxconn chief in 2019 and made a presidential bid that year, but dropped out after he failed to win the nomination for the KMT, which traditionally favours close ties with China.Speaking to reporters at a hotel next to Taiwan's main international airport at Taoyuan on his return from a weeklong trip to the United States, Gou said the only way to avoid war with China was to reduce Sino-U.S. tensions and get Taiwan's ruling Democratic Progressive Party (DPP) out of office.""We must honestly tell young people that it is dangerous to vote for the DPP, which 'exalts Taiwan independence and hates and opposes China',"" Gou said, citing a wording Taiwan opposition parties typically use to describe the DPP's politics.""Peace is not taken for granted, and people need to make the correct choice,"" added Gou, who did not take questions.He made his announcement the same day Taiwan President Tsai Ing-wen is due to meet U.S. House Speaker Kevin McCarthy in Los Angeles, a meeting China has threatened to respond to with unspecified retaliation.The KMT in the process of choosing its candidate for the next presidential election, in January 2024, with Hou Yu-ih, mayor of New Taipei City, broadly considered the current favourite.The run up to the election is taking place at a time of increased tensions between Taipei and Beijing, as China stages regular military exercises near the island to assert its sovereignty claims.The KMT denies being pro-Beijing, though it supports maintaining good relations with China. The DPP champions Taiwan's separate identity from China, but the government it leads has repeatedly offered talks with China that have been rebuffed.Gou said he had to stand up and ""resolve the crisis"" traditional politicians have been unable to, adding he was sorry he left the KMT four years ago.""If I am nominated by the KMT, I will do my best to unite all the non-green camps and win the 2024 presidential election,"" he added, referring to the DPP's party colours.But if opinion polls showed Hou led Gou and won the nomination, Gou said he would fully back Hou.""We can't let the DPP continue to govern, we can't let our children live in a forest of guns and the hail of bullets,"" he said.The KMT said Gou's comments on supporting whoever the candidate ended up being were ""admirable"", adding he was an important member of their camp.The party will do its best to unite everyone and ""create a better future for Taiwan away from war"", it added in a statement.The DPP had no immediate comment.It has already chosen party chairman William Lai, who is also Taiwan's vice president, as its 2024 candidate.Our Standards: The Thomson Reuters Trust Principles.",https://www.reuters.com/article/taiwan-politics-foxconn/update-2-foxconn-founder-gou-says-he-will-seek-taiwan-presidency-idUSL1N36805D
8,technologySector,China urges WTO to sift US-led chip export curbs,APR 04 2023,"China has urged the World Trade Organization to scrutinise US-led technology export restrictions aimed at curbing its ability to make advanced chips, state television said on Wednesday.","Chinese representatives told a WTO meeting this week that Japan, the Netherlands and the United States should report their plans and subsequent measures to the body, which it urged to step up supervision on the matter, broadcaster CCTV said.A Geneva-based trade official confirmed that China raised the issue and asked the WTO to strengthen its monitoring of the measures during a tense two-day meeting of its Council for Trade in Goods.The US has previously said its actions relate to national security grounds and should not be subject to review by the WTO.Last week, without specifying China as the target, Japan said it would restrict export of 23 types of semiconductor manufacturing equipment, a move in line with Washington's curbs announced last October.That came after the Netherlands said last month that it also planned to limit similar exports, such as those from ASML Holding NV (ASML.AS), which dominates the market for lithography systems used to create chips' minute circuitry.The move of the three nations in alignment to curb chip exports to China ""violates the fairness and transparency principles of WTO"", CCTV said.The state broadcaster gave no details of any WTO response to China's remarks.China responded to the US measures last year with a WTO complaint saying the US actions were inconsistent with articles governing trade between member nations, a dispute record on the WTO's website shows.At the time, Washington said the measures concerned issues of national security ""not susceptible to review or capable of resolution"" by WTO dispute settlement.Our Standards: The Thomson Reuters Trust Principles.",https://www.reuters.com/article/china-wto-chips/china-urges-wto-to-sift-us-led-chip-export-curbs-idUSL1N36807A
9,technologySector,South Korean shares rise for second session on institutional buying,APR 04 2023,Round-up of South Korean financial markets:,,https://www.reuters.com/article/southkorea-markets-midday/south-korean-shares-rise-for-second-session-on-institutional-buying-idUSL1N368053
