,Topic,News Headline,News Date,News Summary,Full News Article,URL
0,technologySector,No hostile environment for tech: CEO of Britain's anti-trust regulator,MAY 16 2023,The chief executive of Britain's anti-trust regulator said it was critical to maintain a constructive dialogue with tech companies in assessing mergers and it was not creating a hostile environment for the sector.,"The Competition and Markets Authority (CMA), which operates independently from government, caused shockwaves in April when it said the deal could not go ahead because it would hit competition in the nascent cloud gaming market, drawing a rebuke from Microsoft.Its president Brad Smith has accused the regulator of undermining confidence in Britain as a destination for tech businesses, worrying lawmakers who are pinning their hopes on Britain's science and innovation sector to help drive growth.CMA Chief Executive Sarah Cardell told a panel of lawmakers on Tuesday that she stood by the decision, even after Brussels gave its approval on Monday.""This is a sector where we want to make sure together that we can create and support the best conditions for competition that will enable companies big and small to thrive, including many UK startups, many UK competitors,"" she said.Cardell added that the CMA had engaged widely with companies across the sector. ""I don't find that we are operating sort of, broadly speaking, in a hostile environment,"" she added.Microsoft has said it will appeal the ruling.The U.S. Federal Trade Commission has also filed a complaint to block the deal, which Microsoft has indicated it will fight.Our Standards: The Thomson Reuters Trust Principles.",https://www.reuters.com/article/activision-ma-microsoft-britain-tech/no-hostile-environment-for-tech-ceo-of-britains-anti-trust-regulator-idUSS8N3570HS
1,technologySector,Britain's anti-trust regulator stands by Microsoft-Activision veto,MAY 16 2023,"The chief executive of Britain's anti-trust regulator said she remained of the view that it was not appropriate to accept remedies in the case of Microsoft's Activision Blizzard takeover, and it stood by its decision to block the deal. (Reporting by Paul Sandle and Sarah Young; Editing by Kate Holton)",,https://www.reuters.com/article/activision-ma-microsoft-britain/britains-anti-trust-regulator-stands-by-microsoft-activision-veto-idUSS8N3570HR
2,technologySector,OpenAI chief goes before US Congress to propose licenses for building AI,MAY 16 2023,"OpenAI, the startup behind ChatGPT, wants the U.S. to consider mandating licenses for companies to develop powerful artificial intelligence like the kind underpinning its chatbot, its chief executive plans to tell Congress on Tuesday.","""I am nervous about it,"" CEO Sam Altman said about elections and AI, adding rules and guidelines are needed.For months, companies large and small have raced to bring increasingly versatile AI to market, throwing endless data and billions of dollars at the challenge. Some critics fear the technology will exacerbate societal harms, among them prejudice and misinformation, while others warn AI could end humanity itself.""There's no way to put this genie in the bottle. Globally, this is exploding,"" said Senator Cory Booker, one of many lawmakers with questions about how best to regulate AI.Senator Mazie Hirono noted the danger of misinformation as the 2024 election nears. ""In the election context, for example, I saw a picture of former President Trump being arrested by NYPD and that went viral,"" she said, pressing Altman on whether he would consider the faked image harmful.Altman responded that creators should make clear when an image is generated rather than factual.Speaking before Congress for the first time, Altman suggested that, in general, the U.S. should consider licensing and testing requirements for development of AI models.Altman, asked to opine on which AI should be subject to licensing, said a model that can persuade or manipulate a person's beliefs would be an example of a ""great threshold.""He also said companies should have the right to say they do not want their data used for AI training, which is one idea being discussed on Capitol Hill. Altman said, however, that material on the public web would be fair game.Altman also said he ""wouldn't say never"" to the idea of advertising but preferred a subscription-based model.The White House has convened top technology CEOs including Altman to address AI. U.S. lawmakers likewise are seeking action to further the technology's benefits and national security while limiting its misuse. Consensus is far from certain.An OpenAI staffer recently proposed the creation of a U.S. licensing agency for AI, which could be called the Office for AI Safety and Infrastructure Security, or OASIS, Reuters has reported.OpenAI is backed by Microsoft Corp (MSFT.O). Altman is also calling for global cooperation on AI and incentives for safety compliance.Christina Montgomery, International Business Machines Corp (IBM.N) chief privacy and trust officer, urged Congress to focus regulation on areas with the potential to do the greatest societal harm.Our Standards: The Thomson Reuters Trust Principles.",https://www.reuters.com/article/usa-ai-congress-hearing/openai-chief-goes-before-us-congress-to-propose-licenses-for-building-ai-idUSL1N37C350
3,technologySector,GIC-backed Vietnamese internet company VNG seeks $100mln in funding round - sources,MAY 16 2023,"Vietnamese internet company VNG Corp, which is backed by Singapore sovereign wealth fund GIC, is looking to raise $100 million in a fresh funding round, according to two sources with knowledge of the matter.",,https://www.reuters.com/article/vng-fundraising-vietnam/gic-backed-vietnamese-internet-company-vng-seeks-100mln-in-funding-round-sources-idUSL4N37D1AP
4,technologySector,Futu and Fintech to remove apps from Chinese app stores on regulatory directives - sources,MAY 16 2023,"Online brokerages Futu Holding Ltd and UP Fintech Holding Ltd will remove their apps from app stores in mainland China this week under the guidance of Chinese regulators, three sources told Reuters.","Chinese regulators had warned the two firms as early as 2021 that online brokerages not licensed in China were acting illegally if they served Chinese clients via the internet.Futu's Nasdaq-listed shares slumped 7.5% in early market trading on Tuesday, while UP Fintech dropped nearly 9% after the announcements, recouping some premarket losses; both stocks have been under pressure in the last couple of years over regulatory concerns.The removal of the apps is the latest in a series of actions Beijing has taken in the last couple of years to crack down on a wide range of sectors, and data or information security has emerged as a key concern for authorities.In the last two months, China clamped down on consultancy and due diligence firms that thrived by providing investors access to industry experts and investigators who could obtain valuable corporate information.Futu, backed by Chinese internet giant Tencent Holdings Ltd (0700.HK), said on Tuesday its apps would be removed from app stores in China from May 19, while UP Fintech, also known as Tiger Brokers, would do the same with effect from May 18.Both firms said their existing clients in mainland China would not be affected by the removal of apps.The removal of Futu and UP Fintech apps would bar a large number of potential retail investors in mainland China from trading securities easily in markets such as the U.S. and Hong Kong.Reuters first reported in Dec. 2021 that Chinese officials were planning to ban online brokerages such as Futu and UP Fintech from offering offshore trading services to mainland clients.Last December, the China Securities Regulatory Commission (CSRC) said Futu and UP Fintech had conducted unlawful securities business and banned them from soliciting new business from mainland investors.Both Futu and UP Fintech stressed that app downloads in other markets were not affected.""The removal is out of expectation but will not materially impact current business operations as the two companies have ceased acquiring users in mainland China since Dec. 31, 2022,"" said Hanyang Wang, an analyst with 86Research.Some Hong Kong units of Chinese brokerages stopped opening accounts for mainland clients following unwritten guidance from the CSRC, aimed at discouraging illegal money outflows, state media reported in February.Futu, which has delayed its Hong Kong listing plan, holds a licence in Hong Kong, Singapore and the United States.In a separate announcement on Tuesday, the brokerage said it was expanding into Malaysia with an investment platform.In its 2020 annual report, Futu said that it primarily serves the emerging affluent Chinese population and a large number of its clients were mainland Chinese citizens.UP Fintech said in its Tuesday announcement that ""moving forward, the company will abide by all applicable rules and regulations in mainland China, and serve its existing clients well"".Our Standards: The Thomson Reuters Trust Principles.",https://www.reuters.com/article/china-brokerage-ban/futu-and-fintech-to-remove-apps-from-chinese-app-stores-on-regulatory-directives-sources-idUSP8N34400N
5,technologySector,UPDATE 1-Vodafone CEO says Three UK deal to 'take as long as it takes',MAY 16 2023,"Vodafone's CEO said a long-awaited 15 billion pound ($19 billion) plan to merge its British business with CK Hutchison's Three UK mobile network is ""progressing"" but is not there yet, dampening hopes of a deal being imminent.","The companies have been in talks since at least October to combine Britain's third and fourth-largest networks, and sources had suggested that a deal was close after Hutchison's leadership team met British government officials in March.Vodafone and Hutchison say they need to join forces to afford to roll out the 5G networks the British government wants, but getting a deal done has proved tougher than expected.""It will take as long as it takes to get a good deal,"" Vodafone CEO Margherita Della Valle told reporters on Tuesday, adding that the tie-up still had a ""strong rationale"" and would be good for customers.Hutchinson was similarly cautious last week, apparently rowing back from comments in March when co-managing director Canning Fok said talks were in their final stages.""I would say they (Vodafone) are extremely difficult to draw a conclusion with on the one hand, but on the other hand they are, in the end, very good partners,"" Hutchinson's Chief Financial Officer Frank John Sixt said last week.Vodafone is under pressure to wrap up the deal as it looks to revive growth. It announced plans to cut 11,000 jobs on Tuesday and forecast a 1.5 billion euro drop in free cash flow.The British group has said consolidation is needed in major markets like Britain and Italy, while in Spain it could look to exit, depending on the results of a strategic review.Vodafone said there could be no certainty that any transaction would ultimately be agreed with Hutchison.The tie-up is expected to face intense antitrust scrutiny at a time when Britain's regulator has shown a willingness to block deals. It caused a stir last month when it blocked Microsoft's Activision acquisition.($1 = 0.7923 pounds)Our Standards: The Thomson Reuters Trust Principles.",https://www.reuters.com/article/vodafone-group-ckh-holdings-ceo/update-1-vodafone-ceo-says-three-uk-deal-to-take-as-long-as-it-takes-idUSL8N37D2BB
6,technologySector,"WHO warns against bias, misinformation in using AI in healthcare",MAY 16 2023,"The World Health Organization called for caution on Tuesday in using artificial intelligence for public healthcare, saying data used by AI to reach decisions could be biased or misused.","The WHO said it was enthusiastic about the potential of AI but had concerns over how it will be used to improve access to health information, as a decision-support tool and to improve diagnostic care.The WHO said in a statement the data used to train AI may be biased and generate misleading or inaccurate information and the models can be misused to generate disinformation.It was ""imperative"" to assess the risks of using generated large language model tools (LLMs), like ChatGPT, to protect and promote human wellbeing and protect public health, the U.N. health body said.Its cautionary note comes as artificial intelligence applications are rapidly gaining in popularity, highlighting a technology that could upend the way businesses and society operate.Our Standards: The Thomson Reuters Trust Principles.",https://www.reuters.com/article/tech-ai-who/who-warns-against-bias-misinformation-in-using-ai-in-healthcare-idUSL1N37D0NM
7,technologySector,China's Baidu beats quarterly revenue estimates,MAY 16 2023,Search engine giant Baidu Inc beat first-quarter revenue estimates on Tuesday as businesses spent more on advertising after China lifted COVID curbs late last year.,"Business momentum in China is building after it dropped most of its strict COVID-19 curbs late last year, with consumers and companies reviving spending.China's economy grew a faster-than-expected 4.5% year-on-year in the three months through March, according to the latest official data.Baidu CEO Robin Li said on Tuesday that after the Lunar New Year in late January, there was a quick economic recovery that especially benefited the company's advertisers in offline sectors such as travel and healthcare.""Some of these verticals have already rebounded to above pre-pandemic levels, indicating solid signs of recovery,"" Li said.Baidu's revenue rose 10% to 31.14 billion yuan ($4.54 billion) in the quarter to March 31, surpassing analysts' estimates of 29.97 billion yuan, according to Refinitiv data.Revenue from Baidu Core, which includes search-based advertising sales, cloud offerings and its autonomous driving initiatives, grew 8% to 23 billion yuan.Of this, revenue from Baidu's largest segment, online marketing, accounted for 16.6 billion yuan, up 6%.Revenue at its streaming service iQIYI (IQ.O) rose 15% to 8.3 billion yuan, driven by 28% growth in its subscriber base.Baidu’s U.S.-listed shares were up 3% intra-day on Tuesday.It reported net income of 5.83 billion yuan, compared to net loss in the year-ago quarter. Excluding items, it earned 16.10 yuan per American Depository Share (ADS), higher than Wall Street's estimate of 12.46 yuan.The company's much-touted rival to ChatGPT, Ernie bot, has yet to be officially launched, despite having been partially unveiled to the public in mid-March.Baidu CEO Li said in a press release on Tuesday that the company planned to ""steadily incorporate"" the generative AI-driven chatbot into all of the search engine giant's businesses, without giving a specific timeline.Li later said on a call with analysts that the company had applied for government review and approval of Ernie bot, and would roll it out large scale once it gets the ""green light"" from regulators.""During our testing of Ernie bot, we have engaged in close discussions with the regulators,"" Li said.Li added that despite the entry of many new players in the Chinese generative AI and large-language model industry, there was a ""very high barrier to entry"" that meant Baidu expected a ""highly concentrated market with probably 2-3 major players emerging in the end"".""To establish a significant presence in this market ... the requirements include substantial upfront investment, robust AI capability expertise and vast data for model training,"" Li said.On concerns that U.S. curbs on China's access to certain chips could set back the development of its AI industry, the Baidu CEO said that the company had secured a ""substantial amount of computing power"", including ""the most advanced GPUs"", in order to continue training and improving Ernie bot.Our Standards: The Thomson Reuters Trust Principles.",https://www.reuters.com/article/baidu-results/chinas-baidu-beats-quarterly-revenue-estimates-idUSL4N37D1XX
8,technologySector,Emissions scandal: Ex-Audi boss admits role in fraud by negligence in German court,MAY 16 2023,"Former Audi boss Rupert Stadler accepted his role in committing fraud by negligence in the diesel emissions scandal, according to a statement made in German court on Tuesday, having agreed early in May to a deal which would get him a suspended sentence.","The former CEO has been on trial for fraud since 2020 over his role in the scandal after parent group Volkswagen (VOWG_p.DE) and Audi admitted in 2015 to having used illegal software to cheat on emissions tests. Stadler had previously rejected the allegations.Stadler's defence lawyer Ulrike Thole-Grolle read a statement to the court, saying the defendant did not know that vehicles had been manipulated and buyers had been harmed, but he recognised it was a possibility and accepted that.""I understand that for my part, there was a need for more care,"" said the lawyer on Stadler's behalf.Asked by the judge whether the words were his own, Stadler replied: ""Yes"".The statement had been widely expected after the judge said earlier this month that Stadler would face a suspended prison sentence of 1.5-2 years and a fine of 1.1 million euros if he were to confess to a charge of fraud by negligence. The verdict is expected in June.The trial is one of the most prominent court proceedings in the aftermath of the diesel scandal at Volkswagen and its subsidiary Audi. Revelations that millions of emissions tests had been manipulated emerged in September 2015.Our Standards: The Thomson Reuters Trust Principles.",https://www.reuters.com/article/vw-dieselgate-trial/emissions-scandal-ex-audi-boss-admits-role-in-fraud-by-negligence-in-german-court-idUSL8N37D24U
9,technologySector,China's Tencent Music beats quarterly revenue estimates,MAY 16 2023,"China's Tencent Music Entertainment Group on Tuesday reported higher revenue after five straight quarterly declines, driven by growth in paying users on its Spotify-like music streaming platform.","In a call with analysts in the evening, the company's chief strategy officer said Tencent was working on an array of artificial intelligence (AI) products ranging from a chatbot to a music generation tool, joining the race to tap the powerful technology to spice up product offerings.The Tencent Holdings Ltd-controlled company said total revenue rose 5.4% to 7.00 billion yuan ($1.01 billion) in the first quarter, snapping five consecutive quarters of revenue declines and beating analysts' estimates of 6.86 billion yuan, according to Refinitiv data.Growth in paying users remains the company's strategic focus. Paying users at its online music streaming service rose to 94.4 million from 88.5 million over the three-month period, with revenue from music subscriptions soaring 30.4% year-over-year.""We are glad to achieve a record-high online music paying ratio and expand [average revenue per user] for the fourth consecutive quarter,"" said Tencent Music Executive Chairman Cussion Pang.Net profit attributable to equity holders was 1.15 billion yuan, compared with 609 million yuan a year earlier.On a call with analysts, Tony Yip, its chief strategy officer, said that the company was developing a chatbot with which users can communicate about ""the kind of music they like to listen to and to discover new content“.He added that Tencent Music was working closely with Tencent Holdings to develop applications based on the parent group's large language model.Referencing Google's MusicLM, an AI software which can turn text description into music, Yip said Tencent Music was working on similar software.""We will look to provide tools to help... with song creation as well as lyrics writing,"" he said.($1 = 6.9121 Chinese yuan renminbi)Our Standards: The Thomson Reuters Trust Principles.",https://www.reuters.com/article/tencent-music-results/chinas-tencent-music-beats-quarterly-revenue-estimates-idUSL4N37D1P0
